source_path,source_repository,producing_system,filename,file_type,byte_count,sha256,git_commit,git_branch,project_area,implementation_status,already_present_in_github,identical_to_existing_github_file,newer_older_or_conflicting,proposed_destination,import_decision,reason,note
C:\_MASTER_LIBRARY\06_AUTOCLAW_WORKSPACE\.gitignore,C:\_MASTER_LIBRARY\06_AUTOCLAW_WORKSPACE,AutoClaw,.gitignore,file,91,FF55957D84DF912626E5A09109286A300DA16E00F569A1B555C647767366EDED,ef0d0b6b0ae1fea0f035fc2a36bffe75f86306f9,main,AutoClaw/.gitignore,Stage 1/1.1/2 verified workspace,no,,,imports/autoclaw-natural-math-workspace/.gitignore,IMPORT,Verified AutoClaw workspace preserved through history-preserving subtree import.,
C:\_MASTER_LIBRARY\06_AUTOCLAW_WORKSPACE\00_README_FIRST.md,C:\_MASTER_LIBRARY\06_AUTOCLAW_WORKSPACE,AutoClaw,00_README_FIRST.md,md,1154,375F56D0E44D68E845025B07E46C45DD039D5240A9F18B179ED830E368AD12D5,ef0d0b6b0ae1fea0f035fc2a36bffe75f86306f9,main,AutoClaw/00_README_FIRST.md,Stage 1/1.1/2 verified workspace,yes,imports/autoclaw-natural-math-workspace/00_README_FIRST.md,identical,imports/autoclaw-natural-math-workspace/00_README_FIRST.md,IMPORT,Verified AutoClaw workspace preserved through history-preserving subtree import.,
C:\_MASTER_LIBRARY\06_AUTOCLAW_WORKSPACE\01_INVENTORY\autoclaw_authority_check.md,C:\_MASTER_LIBRARY\06_AUTOCLAW_WORKSPACE,AutoClaw,autoclaw_authority_check.md,md,3686,DEC029AEE904ACE39A821B7049304A2CCE20BAA4003DB21A463DF1168C61C646,ef0d0b6b0ae1fea0f035fc2a36bffe75f86306f9,main,AutoClaw/01_INVENTORY,Stage 1/1.1/2 verified workspace,no,,,imports/autoclaw-natural-math-workspace/01_INVENTORY/autoclaw_authority_check.md,IMPORT,Verified AutoClaw workspace preserved through history-preserving subtree import.,
C:\_MASTER_LIBRARY\06_AUTOCLAW_WORKSPACE\01_INVENTORY\autoclaw_conflict_report.md,C:\_MASTER_LIBRARY\06_AUTOCLAW_WORKSPACE,AutoClaw,autoclaw_conflict_report.md,md,4109,1FC3360231D61EA0A26D504FB20BF657182988F889FE52AEB59907A210F264FC,ef0d0b6b0ae1fea0f035fc2a36bffe75f86306f9,main,AutoClaw/01_INVENTORY,Stage 1/1.1/2 verified workspace,no,,,imports/autoclaw-natural-math-workspace/01_INVENTORY/autoclaw_conflict_report.md,IMPORT,Verified AutoClaw workspace preserved through history-preserving subtree import.,
C:\_MASTER_LIBRARY\06_AUTOCLAW_WORKSPACE\01_INVENTORY\autoclaw_source_inventory.md,C:\_MASTER_LIBRARY\06_AUTOCLAW_WORKSPACE,AutoClaw,autoclaw_source_inventory.md,md,6761,1541A296EBD14BE0778CF2FEF0934D9B3C82300951902DEBF94858885C7E84D1,ef0d0b6b0ae1fea0f035fc2a36bffe75f86306f9,main,AutoClaw/01_INVENTORY,Stage 1/1.1/2 verified workspace,no,,,imports/autoclaw-natural-math-workspace/01_INVENTORY/autoclaw_source_inventory.md,IMPORT,Verified AutoClaw workspace preserved through history-preserving subtree import.,
C:\_MASTER_LIBRARY\06_AUTOCLAW_WORKSPACE\02_REFERENCE_IMPLEMENTATION\natural_math_v5\__init__.py,C:\_MASTER_LIBRARY\06_AUTOCLAW_WORKSPACE,AutoClaw,__init__.py,py,3065,87B9C28AA27FF5A4E07096DA2C62F1CE531E4A89C89C77F29084477F8BAE7BE9,ef0d0b6b0ae1fea0f035fc2a36bffe75f86306f9,main,AutoClaw/02_REFERENCE_IMPLEMENTATION,Stage 1/1.1/2 verified workspace,no,,,imports/autoclaw-natural-math-workspace/02_REFERENCE_IMPLEMENTATION/natural_math_v5/__init__.py,IMPORT,Verified AutoClaw workspace preserved through history-preserving subtree import.,
C:\_MASTER_LIBRARY\06_AUTOCLAW_WORKSPACE\02_REFERENCE_IMPLEMENTATION\natural_math_v5\__pycache__\__init__.cpython-313.pyc,C:\_MASTER_LIBRARY\06_AUTOCLAW_WORKSPACE,AutoClaw,__init__.cpython-313.pyc,pyc,3252,CD1DA46742917AC9BC4773D962345ECCA067BBB130C7957C34217C46307352F1,ef0d0b6b0ae1fea0f035fc2a36bffe75f86306f9,main,AutoClaw/02_REFERENCE_IMPLEMENTATION,Stage 1/1.1/2 verified workspace,yes,imports/autoclaw-natural-math-workspace/02_REFERENCE_IMPLEMENTATION/natural_math_v5/__pycache__/__init__.cpython-313.pyc,identical,imports/autoclaw-natural-math-workspace/02_REFERENCE_IMPLEMENTATION/natural_math_v5/__pycache__/__init__.cpython-313.pyc,IMPORT,Verified AutoClaw workspace preserved through history-preserving subtree import.,
C:\_MASTER_LIBRARY\06_AUTOCLAW_WORKSPACE\02_REFERENCE_IMPLEMENTATION\natural_math_v5\__pycache__\arithmetic.cpython-313.pyc,C:\_MASTER_LIBRARY\06_AUTOCLAW_WORKSPACE,AutoClaw,arithmetic.cpython-313.pyc,pyc,3052,DFCEE0A9BA16334085832F71F659A2794DC1CD87D12DD79D15A27433FADE603F,ef0d0b6b0ae1fea0f035fc2a36bffe75f86306f9,main,AutoClaw/02_REFERENCE_IMPLEMENTATION,Stage 1/1.1/2 verified workspace,yes,imports/autoclaw-natural-math-workspace/02_REFERENCE_IMPLEMENTATION/natural_math_v5/__pycache__/arithmetic.cpython-313.pyc,identical,imports/autoclaw-natural-math-workspace/02_REFERENCE_IMPLEMENTATION/natural_math_v5/__pycache__/arithmetic.cpython-313.pyc,IMPORT,Verified AutoClaw workspace preserved through history-preserving subtree import.,
C:\_MASTER_LIBRARY\06_AUTOCLAW_WORKSPACE\02_REFERENCE_IMPLEMENTATION\natural_math_v5\__pycache__\bifurcation.cpython-313.pyc,C:\_MASTER_LIBRARY\06_AUTOCLAW_WORKSPACE,AutoClaw,bifurcation.cpython-313.pyc,pyc,2887,6B1726ABB4635C90115FD18B6E1FA1320014979EDDFCFEE68D98F420E1CE3CE2,ef0d0b6b0ae1fea0f035fc2a36bffe75f86306f9,main,AutoClaw/02_REFERENCE_IMPLEMENTATION,Stage 1/1.1/2 verified workspace,yes,imports/autoclaw-natural-math-workspace/02_REFERENCE_IMPLEMENTATION/natural_math_v5/__pycache__/bifurcation.cpython-313.pyc,identical,imports/autoclaw-natural-math-workspace/02_REFERENCE_IMPLEMENTATION/natural_math_v5/__pycache__/bifurcation.cpython-313.pyc,IMPORT,Verified AutoClaw workspace preserved through history-preserving subtree import.,
C:\_MASTER_LIBRARY\06_AUTOCLAW_WORKSPACE\02_REFERENCE_IMPLEMENTATION\natural_math_v5\__pycache__\bonding.cpython-313.pyc,C:\_MASTER_LIBRARY\06_AUTOCLAW_WORKSPACE,AutoClaw,bonding.cpython-313.pyc,pyc,2833,E490D6B7FB5801DF948504C5477092A0E9461D18E761463201BF5055F25FF182,ef0d0b6b0ae1fea0f035fc2a36bffe75f86306f9,main,AutoClaw/02_REFERENCE_IMPLEMENTATION,Stage 1/1.1/2 verified workspace,yes,imports/autoclaw-natural-math-workspace/02_REFERENCE_IMPLEMENTATION/natural_math_v5/__pycache__/bonding.cpython-313.pyc,identical,imports/autoclaw-natural-math-workspace/02_REFERENCE_IMPLEMENTATION/natural_math_v5/__pycache__/bonding.cpython-313.pyc,IMPORT,Verified AutoClaw workspace preserved through history-preserving subtree import.,
C:\_MASTER_LIBRARY\06_AUTOCLAW_WORKSPACE\02_REFERENCE_IMPLEMENTATION\natural_math_v5\__pycache__\cluster.cpython-313.pyc,C:\_MASTER_LIBRARY\06_AUTOCLAW_WORKSPACE,AutoClaw,cluster.cpython-313.pyc,pyc,4495,CA5AE93F3C50CD8B5B9AE545E74F1C3E260DD499098079E0BF95581C61521360,ef0d0b6b0ae1fea0f035fc2a36bffe75f86306f9,main,AutoClaw/02_REFERENCE_IMPLEMENTATION,Stage 1/1.1/2 verified workspace,yes,imports/autoclaw-natural-math-workspace/02_REFERENCE_IMPLEMENTATION/natural_math_v5/__pycache__/cluster.cpython-313.pyc,identical,imports/autoclaw-natural-math-workspace/02_REFERENCE_IMPLEMENTATION/natural_math_v5/__pycache__/cluster.cpython-313.pyc,IMPORT,Verified AutoClaw workspace preserved through history-preserving subtree import.,
C:\_MASTER_LIBRARY\06_AUTOCLAW_WORKSPACE\02_REFERENCE_IMPLEMENTATION\natural_math_v5\__pycache__\cluster_actions.cpython-313.pyc,C:\_MASTER_LIBRARY\06_AUTOCLAW_WORKSPACE,AutoClaw,cluster_actions.cpython-313.pyc,pyc,11125,D01D87309AD9FF26D5768701AF96531CD33A89C91233B43C758A8F7F204F2229,ef0d0b6b0ae1fea0f035fc2a36bffe75f86306f9,main,AutoClaw/02_REFERENCE_IMPLEMENTATION,Stage 1/1.1/2 verified workspace,yes,imports/autoclaw-natural-math-workspace/02_REFERENCE_IMPLEMENTATION/natural_math_v5/__pycache__/cluster_actions.cpython-313.pyc,identical,imports/autoclaw-natural-math-workspace/02_REFERENCE_IMPLEMENTATION/natural_math_v5/__pycache__/cluster_actions.cpython-313.pyc,IMPORT,Verified AutoClaw workspace preserved through history-preserving subtree import.,
C:\_MASTER_LIBRARY\06_AUTOCLAW_WORKSPACE\02_REFERENCE_IMPLEMENTATION\natural_math_v5\__pycache__\cluster_initialization.cpython-313.pyc,C:\_MASTER_LIBRARY\06_AUTOCLAW_WORKSPACE,AutoClaw,cluster_initialization.cpython-313.pyc,pyc,4711,9F3BA23B8796A6C355F1CCCFD64ACAEFD342303EDD646DCDEF8A3259A8571A33,ef0d0b6b0ae1fea0f035fc2a36bffe75f86306f9,main,AutoClaw/02_REFERENCE_IMPLEMENTATION,Stage 1/1.1/2 verified workspace,yes,imports/autoclaw-natural-math-workspace/02_REFERENCE_IMPLEMENTATION/natural_math_v5/__pycache__/cluster_initialization.cpython-313.pyc,identical,imports/autoclaw-natural-math-workspace/02_REFERENCE_IMPLEMENTATION/natural_math_v5/__pycache__/cluster_initialization.cpython-313.pyc,IMPORT,Verified AutoClaw workspace preserved through history-preserving subtree import.,
C:\_MASTER_LIBRARY\06_AUTOCLAW_WORKSPACE\02_REFERENCE_IMPLEMENTATION\natural_math_v5\__pycache__\cluster_metrics.cpython-313.pyc,C:\_MASTER_LIBRARY\06_AUTOCLAW_WORKSPACE,AutoClaw,cluster_metrics.cpython-313.pyc,pyc,6037,70617A3204DD442119D707B37D7E195B5964EFD941C45A87AD561F42C9103955,ef0d0b6b0ae1fea0f035fc2a36bffe75f86306f9,main,AutoClaw/02_REFERENCE_IMPLEMENTATION,Stage 1/1.1/2 verified workspace,yes,imports/autoclaw-natural-math-workspace/02_REFERENCE_IMPLEMENTATION/natural_math_v5/__pycache__/cluster_metrics.cpython-313.pyc,identical,imports/autoclaw-natural-math-workspace/02_REFERENCE_IMPLEMENTATION/natural_math_v5/__pycache__/cluster_metrics.cpython-313.pyc,IMPORT,Verified AutoClaw workspace preserved through history-preserving subtree import.,
C:\_MASTER_LIBRARY\06_AUTOCLAW_WORKSPACE\02_REFERENCE_IMPLEMENTATION\natural_math_v5\__pycache__\cluster_step.cpython-313.pyc,C:\_MASTER_LIBRARY\06_AUTOCLAW_WORKSPACE,AutoClaw,cluster_step.cpython-313.pyc,pyc,4307,5616FBF7936C396C2EDFF1E37FDE00F7F4B014BE82B2B8184050A945D5BBD10F,ef0d0b6b0ae1fea0f035fc2a36bffe75f86306f9,main,AutoClaw/02_REFERENCE_IMPLEMENTATION,Stage 1/1.1/2 verified workspace,yes,imports/autoclaw-natural-math-workspace/02_REFERENCE_IMPLEMENTATION/natural_math_v5/__pycache__/cluster_step.cpython-313.pyc,identical,imports/autoclaw-natural-math-workspace/02_REFERENCE_IMPLEMENTATION/natural_math_v5/__pycache__/cluster_step.cpython-313.pyc,IMPORT,Verified AutoClaw workspace preserved through history-preserving subtree import.,
C:\_MASTER_LIBRARY\06_AUTOCLAW_WORKSPACE\02_REFERENCE_IMPLEMENTATION\natural_math_v5\__pycache__\core_step.cpython-313.pyc,C:\_MASTER_LIBRARY\06_AUTOCLAW_WORKSPACE,AutoClaw,core_step.cpython-313.pyc,pyc,10183,EFFEF24E84FD4926248571D468770B5BF51160C498F41E56875F02E73486C3D5,ef0d0b6b0ae1fea0f035fc2a36bffe75f86306f9,main,AutoClaw/02_REFERENCE_IMPLEMENTATION,Stage 1/1.1/2 verified workspace,yes,imports/autoclaw-natural-math-workspace/02_REFERENCE_IMPLEMENTATION/natural_math_v5/__pycache__/core_step.cpython-313.pyc,identical,imports/autoclaw-natural-math-workspace/02_REFERENCE_IMPLEMENTATION/natural_math_v5/__pycache__/core_step.cpython-313.pyc,IMPORT,Verified AutoClaw workspace preserved through history-preserving subtree import.,
C:\_MASTER_LIBRARY\06_AUTOCLAW_WORKSPACE\02_REFERENCE_IMPLEMENTATION\natural_math_v5\__pycache__\decisions.cpython-313.pyc,C:\_MASTER_LIBRARY\06_AUTOCLAW_WORKSPACE,AutoClaw,decisions.cpython-313.pyc,pyc,1126,F2163135C6DE80926F57E910232CF03BEC6D375B62D32104669DA2EB1341BC04,ef0d0b6b0ae1fea0f035fc2a36bffe75f86306f9,main,AutoClaw/02_REFERENCE_IMPLEMENTATION,Stage 1/1.1/2 verified workspace,yes,imports/autoclaw-natural-math-workspace/02_REFERENCE_IMPLEMENTATION/natural_math_v5/__pycache__/decisions.cpython-313.pyc,identical,imports/autoclaw-natural-math-workspace/02_REFERENCE_IMPLEMENTATION/natural_math_v5/__pycache__/decisions.cpython-313.pyc,IMPORT,Verified AutoClaw workspace preserved through history-preserving subtree import.,
C:\_MASTER_LIBRARY\06_AUTOCLAW_WORKSPACE\02_REFERENCE_IMPLEMENTATION\natural_math_v5\__pycache__\errors.cpython-313.pyc,C:\_MASTER_LIBRARY\06_AUTOCLAW_WORKSPACE,AutoClaw,errors.cpython-313.pyc,pyc,760,FA624F4041B4273C43C6E4B9EB00AAE1F6D11B999FF7C3BF1D1A870BAFDBCF13,ef0d0b6b0ae1fea0f035fc2a36bffe75f86306f9,main,AutoClaw/02_REFERENCE_IMPLEMENTATION,Stage 1/1.1/2 verified workspace,yes,imports/autoclaw-natural-math-workspace/02_REFERENCE_IMPLEMENTATION/natural_math_v5/__pycache__/errors.cpython-313.pyc,identical,imports/autoclaw-natural-math-workspace/02_REFERENCE_IMPLEMENTATION/natural_math_v5/__pycache__/errors.cpython-313.pyc,IMPORT,Verified AutoClaw workspace preserved through history-preserving subtree import.,
C:\_MASTER_LIBRARY\06_AUTOCLAW_WORKSPACE\02_REFERENCE_IMPLEMENTATION\natural_math_v5\__pycache__\gradient.cpython-313.pyc,C:\_MASTER_LIBRARY\06_AUTOCLAW_WORKSPACE,AutoClaw,gradient.cpython-313.pyc,pyc,3462,B60A1CDAEA407F48F91D34506227320941404E33033F060DB86CC11B0692DBB9,ef0d0b6b0ae1fea0f035fc2a36bffe75f86306f9,main,AutoClaw/02_REFERENCE_IMPLEMENTATION,Stage 1/1.1/2 verified workspace,yes,imports/autoclaw-natural-math-workspace/02_REFERENCE_IMPLEMENTATION/natural_math_v5/__pycache__/gradient.cpython-313.pyc,identical,imports/autoclaw-natural-math-workspace/02_REFERENCE_IMPLEMENTATION/natural_math_v5/__pycache__/gradient.cpython-313.pyc,IMPORT,Verified AutoClaw workspace preserved through history-preserving subtree import.,
C:\_MASTER_LIBRARY\06_AUTOCLAW_WORKSPACE\02_REFERENCE_IMPLEMENTATION\natural_math_v5\__pycache__\movement.cpython-313.pyc,C:\_MASTER_LIBRARY\06_AUTOCLAW_WORKSPACE,AutoClaw,movement.cpython-313.pyc,pyc,3509,9BAC61F07F5B253BC1C281F20A210C470FDC7ADD57E892F9918968D7E3AE9085,ef0d0b6b0ae1fea0f035fc2a36bffe75f86306f9,main,AutoClaw/02_REFERENCE_IMPLEMENTATION,Stage 1/1.1/2 verified workspace,yes,imports/autoclaw-natural-math-workspace/02_REFERENCE_IMPLEMENTATION/natural_math_v5/__pycache__/movement.cpython-313.pyc,identical,imports/autoclaw-natural-math-workspace/02_REFERENCE_IMPLEMENTATION/natural_math_v5/__pycache__/movement.cpython-313.pyc,IMPORT,Verified AutoClaw workspace preserved through history-preserving subtree import.,
C:\_MASTER_LIBRARY\06_AUTOCLAW_WORKSPACE\02_REFERENCE_IMPLEMENTATION\natural_math_v5\__pycache__\parameters.cpython-313.pyc,C:\_MASTER_LIBRARY\06_AUTOCLAW_WORKSPACE,AutoClaw,parameters.cpython-313.pyc,pyc,7666,3EDEB06A97E1C38F4178581DF67A59C932C133082D446C935352300E2C11699E,ef0d0b6b0ae1fea0f035fc2a36bffe75f86306f9,main,AutoClaw/02_REFERENCE_IMPLEMENTATION,Stage 1/1.1/2 verified workspace,yes,imports/autoclaw-natural-math-workspace/02_REFERENCE_IMPLEMENTATION/natural_math_v5/__pycache__/parameters.cpython-313.pyc,identical,imports/autoclaw-natural-math-workspace/02_REFERENCE_IMPLEMENTATION/natural_math_v5/__pycache__/parameters.cpython-313.pyc,IMPORT,Verified AutoClaw workspace preserved through history-preserving subtree import.,
C:\_MASTER_LIBRARY\06_AUTOCLAW_WORKSPACE\02_REFERENCE_IMPLEMENTATION\natural_math_v5\__pycache__\pressure.cpython-313.pyc,C:\_MASTER_LIBRARY\06_AUTOCLAW_WORKSPACE,AutoClaw,pressure.cpython-313.pyc,pyc,1364,99BC3DD5EB940E510EB8329093E9BD0069C66AF1F021E13FBB395372ECCC90F4,ef0d0b6b0ae1fea0f035fc2a36bffe75f86306f9,main,AutoClaw/02_REFERENCE_IMPLEMENTATION,Stage 1/1.1/2 verified workspace,yes,imports/autoclaw-natural-math-workspace/02_REFERENCE_IMPLEMENTATION/natural_math_v5/__pycache__/pressure.cpython-313.pyc,identical,imports/autoclaw-natural-math-workspace/02_REFERENCE_IMPLEMENTATION/natural_math_v5/__pycache__/pressure.cpython-313.pyc,IMPORT,Verified AutoClaw workspace preserved through history-preserving subtree import.,
C:\_MASTER_LIBRARY\06_AUTOCLAW_WORKSPACE\02_REFERENCE_IMPLEMENTATION\natural_math_v5\__pycache__\randomness.cpython-313.pyc,C:\_MASTER_LIBRARY\06_AUTOCLAW_WORKSPACE,AutoClaw,randomness.cpython-313.pyc,pyc,2851,CE274FD4209A6E79B2309B263ADDC0920A22CB12CA275565CF7957D7747847EA,ef0d0b6b0ae1fea0f035fc2a36bffe75f86306f9,main,AutoClaw/02_REFERENCE_IMPLEMENTATION,Stage 1/1.1/2 verified workspace,yes,imports/autoclaw-natural-math-workspace/02_REFERENCE_IMPLEMENTATION/natural_math_v5/__pycache__/randomness.cpython-313.pyc,identical,imports/autoclaw-natural-math-workspace/02_REFERENCE_IMPLEMENTATION/natural_math_v5/__pycache__/randomness.cpython-313.pyc,IMPORT,Verified AutoClaw workspace preserved through history-preserving subtree import.,
C:\_MASTER_LIBRARY\06_AUTOCLAW_WORKSPACE\02_REFERENCE_IMPLEMENTATION\natural_math_v5\__pycache__\records.cpython-313.pyc,C:\_MASTER_LIBRARY\06_AUTOCLAW_WORKSPACE,AutoClaw,records.cpython-313.pyc,pyc,3227,BE49BB300D4453FE2AA555D14AC357E489CE143ED670EE65E73EDDF79EBD37B3,ef0d0b6b0ae1fea0f035fc2a36bffe75f86306f9,main,AutoClaw/02_REFERENCE_IMPLEMENTATION,Stage 1/1.1/2 verified workspace,yes,imports/autoclaw-natural-math-workspace/02_REFERENCE_IMPLEMENTATION/natural_math_v5/__pycache__/records.cpython-313.pyc,identical,imports/autoclaw-natural-math-workspace/02_REFERENCE_IMPLEMENTATION/natural_math_v5/__pycache__/records.cpython-313.pyc,IMPORT,Verified AutoClaw workspace preserved through history-preserving subtree import.,
C:\_MASTER_LIBRARY\06_AUTOCLAW_WORKSPACE\02_REFERENCE_IMPLEMENTATION\natural_math_v5\__pycache__\serialization.cpython-313.pyc,C:\_MASTER_LIBRARY\06_AUTOCLAW_WORKSPACE,AutoClaw,serialization.cpython-313.pyc,pyc,2395,89F8835547D6E3F7D05C86599C5204F815D0D270E5407062FC89CE3A803DD3DC,ef0d0b6b0ae1fea0f035fc2a36bffe75f86306f9,main,AutoClaw/02_REFERENCE_IMPLEMENTATION,Stage 1/1.1/2 verified workspace,yes,imports/autoclaw-natural-math-workspace/02_REFERENCE_IMPLEMENTATION/natural_math_v5/__pycache__/serialization.cpython-313.pyc,identical,imports/autoclaw-natural-math-workspace/02_REFERENCE_IMPLEMENTATION/natural_math_v5/__pycache__/serialization.cpython-313.pyc,IMPORT,Verified AutoClaw workspace preserved through history-preserving subtree import.,
C:\_MASTER_LIBRARY\06_AUTOCLAW_WORKSPACE\02_REFERENCE_IMPLEMENTATION\natural_math_v5\__pycache__\validation.cpython-313.pyc,C:\_MASTER_LIBRARY\06_AUTOCLAW_WORKSPACE,AutoClaw,validation.cpython-313.pyc,pyc,7908,176632703E4EE541238A32D6509188FFA9354A940E9A88E8462F51D790701C17,ef0d0b6b0ae1fea0f035fc2a36bffe75f86306f9,main,AutoClaw/02_REFERENCE_IMPLEMENTATION,Stage 1/1.1/2 verified workspace,yes,imports/autoclaw-natural-math-workspace/02_REFERENCE_IMPLEMENTATION/natural_math_v5/__pycache__/validation.cpython-313.pyc,identical,imports/autoclaw-natural-math-workspace/02_REFERENCE_IMPLEMENTATION/natural_math_v5/__pycache__/validation.cpython-313.pyc,IMPORT,Verified AutoClaw workspace preserved through history-preserving subtree import.,
C:\_MASTER_LIBRARY\06_AUTOCLAW_WORKSPACE\02_REFERENCE_IMPLEMENTATION\natural_math_v5\arithmetic.py,C:\_MASTER_LIBRARY\06_AUTOCLAW_WORKSPACE,AutoClaw,arithmetic.py,py,1525,4958C84EADA2F9061C6D326FDBCEC0F09C74F69BD495D52582DF5B84E46541D4,ef0d0b6b0ae1fea0f035fc2a36bffe75f86306f9,main,AutoClaw/02_REFERENCE_IMPLEMENTATION,Stage 1/1.1/2 verified workspace,no,,,imports/autoclaw-natural-math-workspace/02_REFERENCE_IMPLEMENTATION/natural_math_v5/arithmetic.py,IMPORT,Verified AutoClaw workspace preserved through history-preserving subtree import.,
C:\_MASTER_LIBRARY\06_AUTOCLAW_WORKSPACE\02_REFERENCE_IMPLEMENTATION\natural_math_v5\bifurcation.py,C:\_MASTER_LIBRARY\06_AUTOCLAW_WORKSPACE,AutoClaw,bifurcation.py,py,2698,DB5440EF755DAF439B0375FF986522F47386C1F33AB80CA211485D56D863BCAA,ef0d0b6b0ae1fea0f035fc2a36bffe75f86306f9,main,AutoClaw/02_REFERENCE_IMPLEMENTATION,Stage 1/1.1/2 verified workspace,no,,,imports/autoclaw-natural-math-workspace/02_REFERENCE_IMPLEMENTATION/natural_math_v5/bifurcation.py,IMPORT,Verified AutoClaw workspace preserved through history-preserving subtree import.,
C:\_MASTER_LIBRARY\06_AUTOCLAW_WORKSPACE\02_REFERENCE_IMPLEMENTATION\natural_math_v5\bonding.py,C:\_MASTER_LIBRARY\06_AUTOCLAW_WORKSPACE,AutoClaw,bonding.py,py,2015,43C0138BA0DD39C4226C8C128C53983762DDE72454379FED9B25DBB86BBB2403,ef0d0b6b0ae1fea0f035fc2a36bffe75f86306f9,main,AutoClaw/02_REFERENCE_IMPLEMENTATION,Stage 1/1.1/2 verified workspace,no,,,imports/autoclaw-natural-math-workspace/02_REFERENCE_IMPLEMENTATION/natural_math_v5/bonding.py,IMPORT,Verified AutoClaw workspace preserved through history-preserving subtree import.,
C:\_MASTER_LIBRARY\06_AUTOCLAW_WORKSPACE\02_REFERENCE_IMPLEMENTATION\natural_math_v5\cluster.py,C:\_MASTER_LIBRARY\06_AUTOCLAW_WORKSPACE,AutoClaw,cluster.py,py,3645,2DF92BE44ECD6AED7BD8F6822C074DBEA8B0DA58334EC04007F24D5997320167,ef0d0b6b0ae1fea0f035fc2a36bffe75f86306f9,main,AutoClaw/02_REFERENCE_IMPLEMENTATION,Stage 1/1.1/2 verified workspace,no,,,imports/autoclaw-natural-math-workspace/02_REFERENCE_IMPLEMENTATION/natural_math_v5/cluster.py,IMPORT,Verified AutoClaw workspace preserved through history-preserving subtree import.,
C:\_MASTER_LIBRARY\06_AUTOCLAW_WORKSPACE\02_REFERENCE_IMPLEMENTATION\natural_math_v5\cluster_actions.py,C:\_MASTER_LIBRARY\06_AUTOCLAW_WORKSPACE,AutoClaw,cluster_actions.py,py,7507,DD8C1F7B3E87C0E8A2BBC3A9067D3DB16B21EBDCD93CA2BEA0B75BF7E4B380FB,ef0d0b6b0ae1fea0f035fc2a36bffe75f86306f9,main,AutoClaw/02_REFERENCE_IMPLEMENTATION,Stage 1/1.1/2 verified workspace,no,,,imports/autoclaw-natural-math-workspace/02_REFERENCE_IMPLEMENTATION/natural_math_v5/cluster_actions.py,IMPORT,Verified AutoClaw workspace preserved through history-preserving subtree import.,
C:\_MASTER_LIBRARY\06_AUTOCLAW_WORKSPACE\02_REFERENCE_IMPLEMENTATION\natural_math_v5\cluster_initialization.py,C:\_MASTER_LIBRARY\06_AUTOCLAW_WORKSPACE,AutoClaw,cluster_initialization.py,py,3633,79D7F4C21D2797F5017B2B4770681D022179CE7BE7A516F2860B47BA89028D25,ef0d0b6b0ae1fea0f035fc2a36bffe75f86306f9,main,AutoClaw/02_REFERENCE_IMPLEMENTATION,Stage 1/1.1/2 verified workspace,no,,,imports/autoclaw-natural-math-workspace/02_REFERENCE_IMPLEMENTATION/natural_math_v5/cluster_initialization.py,IMPORT,Verified AutoClaw workspace preserved through history-preserving subtree import.,
C:\_MASTER_LIBRARY\06_AUTOCLAW_WORKSPACE\02_REFERENCE_IMPLEMENTATION\natural_math_v5\cluster_metrics.py,C:\_MASTER_LIBRARY\06_AUTOCLAW_WORKSPACE,AutoClaw,cluster_metrics.py,py,4892,F9FEE7D02561243BB0EE315B782BC08E309C7810AD6981F217BB4F3E6026A033,ef0d0b6b0ae1fea0f035fc2a36bffe75f86306f9,main,AutoClaw/02_REFERENCE_IMPLEMENTATION,Stage 1/1.1/2 verified workspace,no,,,imports/autoclaw-natural-math-workspace/02_REFERENCE_IMPLEMENTATION/natural_math_v5/cluster_metrics.py,IMPORT,Verified AutoClaw workspace preserved through history-preserving subtree import.,
C:\_MASTER_LIBRARY\06_AUTOCLAW_WORKSPACE\02_REFERENCE_IMPLEMENTATION\natural_math_v5\cluster_step.py,C:\_MASTER_LIBRARY\06_AUTOCLAW_WORKSPACE,AutoClaw,cluster_step.py,py,3328,8401D1458EF9CCF5FC09D725EDFB9403018B9372ADC5B905A2E4390E69565BD7,ef0d0b6b0ae1fea0f035fc2a36bffe75f86306f9,main,AutoClaw/02_REFERENCE_IMPLEMENTATION,Stage 1/1.1/2 verified workspace,yes,imports/autoclaw-natural-math-workspace/02_REFERENCE_IMPLEMENTATION/natural_math_v5/cluster_step.py,identical,imports/autoclaw-natural-math-workspace/02_REFERENCE_IMPLEMENTATION/natural_math_v5/cluster_step.py,IMPORT,Verified AutoClaw workspace preserved through history-preserving subtree import.,
C:\_MASTER_LIBRARY\06_AUTOCLAW_WORKSPACE\02_REFERENCE_IMPLEMENTATION\natural_math_v5\core_step.py,C:\_MASTER_LIBRARY\06_AUTOCLAW_WORKSPACE,AutoClaw,core_step.py,py,10406,247F91567F0445A6F4B2C3BC8C7CACCC85802419FFFFF3BC7A1E2BAD8D4CCD83,ef0d0b6b0ae1fea0f035fc2a36bffe75f86306f9,main,AutoClaw/02_REFERENCE_IMPLEMENTATION,Stage 1/1.1/2 verified workspace,yes,imports/autoclaw-natural-math-workspace/02_REFERENCE_IMPLEMENTATION/natural_math_v5/core_step.py,identical,imports/autoclaw-natural-math-workspace/02_REFERENCE_IMPLEMENTATION/natural_math_v5/core_step.py,IMPORT,Verified AutoClaw workspace preserved through history-preserving subtree import.,
C:\_MASTER_LIBRARY\06_AUTOCLAW_WORKSPACE\02_REFERENCE_IMPLEMENTATION\natural_math_v5\decisions.py,C:\_MASTER_LIBRARY\06_AUTOCLAW_WORKSPACE,AutoClaw,decisions.py,py,809,89564ED380F2F502B6955E7850CB5AA5020E1AFE9A050402EEA0BA66123C4F45,ef0d0b6b0ae1fea0f035fc2a36bffe75f86306f9,main,AutoClaw/02_REFERENCE_IMPLEMENTATION,Stage 1/1.1/2 verified workspace,no,,,imports/autoclaw-natural-math-workspace/02_REFERENCE_IMPLEMENTATION/natural_math_v5/decisions.py,IMPORT,Verified AutoClaw workspace preserved through history-preserving subtree import.,
C:\_MASTER_LIBRARY\06_AUTOCLAW_WORKSPACE\02_REFERENCE_IMPLEMENTATION\natural_math_v5\errors.py,C:\_MASTER_LIBRARY\06_AUTOCLAW_WORKSPACE,AutoClaw,errors.py,py,351,C7C9573A85A91C5685A63D0C88BBEF9DB6039BE962DB30DECA9AAED2A816DCC5,ef0d0b6b0ae1fea0f035fc2a36bffe75f86306f9,main,AutoClaw/02_REFERENCE_IMPLEMENTATION,Stage 1/1.1/2 verified workspace,no,,,imports/autoclaw-natural-math-workspace/02_REFERENCE_IMPLEMENTATION/natural_math_v5/errors.py,IMPORT,Verified AutoClaw workspace preserved through history-preserving subtree import.,
C:\_MASTER_LIBRARY\06_AUTOCLAW_WORKSPACE\02_REFERENCE_IMPLEMENTATION\natural_math_v5\gradient.py,C:\_MASTER_LIBRARY\06_AUTOCLAW_WORKSPACE,AutoClaw,gradient.py,py,3067,AA6A3474493C546D2E732A711F803E03F959F7F3DA7E745701387FA17B64F20B,ef0d0b6b0ae1fea0f035fc2a36bffe75f86306f9,main,AutoClaw/02_REFERENCE_IMPLEMENTATION,Stage 1/1.1/2 verified workspace,no,,,imports/autoclaw-natural-math-workspace/02_REFERENCE_IMPLEMENTATION/natural_math_v5/gradient.py,IMPORT,Verified AutoClaw workspace preserved through history-preserving subtree import.,
C:\_MASTER_LIBRARY\06_AUTOCLAW_WORKSPACE\02_REFERENCE_IMPLEMENTATION\natural_math_v5\movement.py,C:\_MASTER_LIBRARY\06_AUTOCLAW_WORKSPACE,AutoClaw,movement.py,py,3482,E6E52B5EC63430FBB5FD5B81870E54F871E1E67A39E485DDF1A8462C79A28125,ef0d0b6b0ae1fea0f035fc2a36bffe75f86306f9,main,AutoClaw/02_REFERENCE_IMPLEMENTATION,Stage 1/1.1/2 verified workspace,no,,,imports/autoclaw-natural-math-workspace/02_REFERENCE_IMPLEMENTATION/natural_math_v5/movement.py,IMPORT,Verified AutoClaw workspace preserved through history-preserving subtree import.,
C:\_MASTER_LIBRARY\06_AUTOCLAW_WORKSPACE\02_REFERENCE_IMPLEMENTATION\natural_math_v5\parameters.py,C:\_MASTER_LIBRARY\06_AUTOCLAW_WORKSPACE,AutoClaw,parameters.py,py,7501,C254071FD8477FA90C0EDC87B66C1F5A90D5FD37DBB111E6E9E34C01614163AA,ef0d0b6b0ae1fea0f035fc2a36bffe75f86306f9,main,AutoClaw/02_REFERENCE_IMPLEMENTATION,Stage 1/1.1/2 verified workspace,no,,,imports/autoclaw-natural-math-workspace/02_REFERENCE_IMPLEMENTATION/natural_math_v5/parameters.py,IMPORT,Verified AutoClaw workspace preserved through history-preserving subtree import.,
C:\_MASTER_LIBRARY\06_AUTOCLAW_WORKSPACE\02_REFERENCE_IMPLEMENTATION\natural_math_v5\pressure.py,C:\_MASTER_LIBRARY\06_AUTOCLAW_WORKSPACE,AutoClaw,pressure.py,py,833,65DC39E73C026B8E75B56E8B89171FC8EED9BBA38D471E94B563B8E38C8562D4,ef0d0b6b0ae1fea0f035fc2a36bffe75f86306f9,main,AutoClaw/02_REFERENCE_IMPLEMENTATION,Stage 1/1.1/2 verified workspace,no,,,imports/autoclaw-natural-math-workspace/02_REFERENCE_IMPLEMENTATION/natural_math_v5/pressure.py,IMPORT,Verified AutoClaw workspace preserved through history-preserving subtree import.,
C:\_MASTER_LIBRARY\06_AUTOCLAW_WORKSPACE\02_REFERENCE_IMPLEMENTATION\natural_math_v5\provenance.py,C:\_MASTER_LIBRARY\06_AUTOCLAW_WORKSPACE,AutoClaw,provenance.py,py,11790,BCCF8CFA3C2265F99AC2A56CD77A3728B8F84A3C1D985763C553DC1BA9E39533,ef0d0b6b0ae1fea0f035fc2a36bffe75f86306f9,main,AutoClaw/02_REFERENCE_IMPLEMENTATION,Stage 1/1.1/2 verified workspace,no,,,imports/autoclaw-natural-math-workspace/02_REFERENCE_IMPLEMENTATION/natural_math_v5/provenance.py,IMPORT,Verified AutoClaw workspace preserved through history-preserving subtree import.,
C:\_MASTER_LIBRARY\06_AUTOCLAW_WORKSPACE\02_REFERENCE_IMPLEMENTATION\natural_math_v5\randomness.py,C:\_MASTER_LIBRARY\06_AUTOCLAW_WORKSPACE,AutoClaw,randomness.py,py,1612,9209A7DC3911A87085B29D289AB89B4CDC2C4D8F4DD85F2745559170FAAD2760,ef0d0b6b0ae1fea0f035fc2a36bffe75f86306f9,main,AutoClaw/02_REFERENCE_IMPLEMENTATION,Stage 1/1.1/2 verified workspace,yes,imports/autoclaw-natural-math-workspace/02_REFERENCE_IMPLEMENTATION/natural_math_v5/randomness.py,identical,imports/autoclaw-natural-math-workspace/02_REFERENCE_IMPLEMENTATION/natural_math_v5/randomness.py,IMPORT,Verified AutoClaw workspace preserved through history-preserving subtree import.,
C:\_MASTER_LIBRARY\06_AUTOCLAW_WORKSPACE\02_REFERENCE_IMPLEMENTATION\natural_math_v5\records.py,C:\_MASTER_LIBRARY\06_AUTOCLAW_WORKSPACE,AutoClaw,records.py,py,2558,9756FC27D591DEEA87071467F642962F2B0CFA0DD7F0905EA45A6E39CA7F5DDB,ef0d0b6b0ae1fea0f035fc2a36bffe75f86306f9,main,AutoClaw/02_REFERENCE_IMPLEMENTATION,Stage 1/1.1/2 verified workspace,no,,,imports/autoclaw-natural-math-workspace/02_REFERENCE_IMPLEMENTATION/natural_math_v5/records.py,IMPORT,Verified AutoClaw workspace preserved through history-preserving subtree import.,
C:\_MASTER_LIBRARY\06_AUTOCLAW_WORKSPACE\02_REFERENCE_IMPLEMENTATION\natural_math_v5\serialization.py,C:\_MASTER_LIBRARY\06_AUTOCLAW_WORKSPACE,AutoClaw,serialization.py,py,1692,C563F75E89664229B75484E61674FEAC69222A15E6BAAF952E4FBA6EC36CF9BA,ef0d0b6b0ae1fea0f035fc2a36bffe75f86306f9,main,AutoClaw/02_REFERENCE_IMPLEMENTATION,Stage 1/1.1/2 verified workspace,no,,,imports/autoclaw-natural-math-workspace/02_REFERENCE_IMPLEMENTATION/natural_math_v5/serialization.py,IMPORT,Verified AutoClaw workspace preserved through history-preserving subtree import.,
C:\_MASTER_LIBRARY\06_AUTOCLAW_WORKSPACE\02_REFERENCE_IMPLEMENTATION\natural_math_v5\tracing.py,C:\_MASTER_LIBRARY\06_AUTOCLAW_WORKSPACE,AutoClaw,tracing.py,py,1307,9054EA45346F2AC57C3D5A302EEE671627E740C463B4833115D1AFB8F6B00539,ef0d0b6b0ae1fea0f035fc2a36bffe75f86306f9,main,AutoClaw/02_REFERENCE_IMPLEMENTATION,Stage 1/1.1/2 verified workspace,no,,,imports/autoclaw-natural-math-workspace/02_REFERENCE_IMPLEMENTATION/natural_math_v5/tracing.py,IMPORT,Verified AutoClaw workspace preserved through history-preserving subtree import.,
C:\_MASTER_LIBRARY\06_AUTOCLAW_WORKSPACE\02_REFERENCE_IMPLEMENTATION\natural_math_v5\validation.py,C:\_MASTER_LIBRARY\06_AUTOCLAW_WORKSPACE,AutoClaw,validation.py,py,6413,25B2575915B0A9268A6A1196A4F2F96593F068FF6DE78A50D01A14B9880B2DD8,ef0d0b6b0ae1fea0f035fc2a36bffe75f86306f9,main,AutoClaw/02_REFERENCE_IMPLEMENTATION,Stage 1/1.1/2 verified workspace,yes,imports/autoclaw-natural-math-workspace/02_REFERENCE_IMPLEMENTATION/natural_math_v5/validation.py,identical,imports/autoclaw-natural-math-workspace/02_REFERENCE_IMPLEMENTATION/natural_math_v5/validation.py,IMPORT,Verified AutoClaw workspace preserved through history-preserving subtree import.,
C:\_MASTER_LIBRARY\06_AUTOCLAW_WORKSPACE\02_REFERENCE_IMPLEMENTATION\natural_math_v5_Reference_Implementation_Stage_1.zip,C:\_MASTER_LIBRARY\06_AUTOCLAW_WORKSPACE,AutoClaw,natural_math_v5_Reference_Implementation_Stage_1.zip,zip,77951,73D6A27A276C7948C1DA44765F0BC06888371EC8DD926AF4F1D47DF7F37F2BF9,ef0d0b6b0ae1fea0f035fc2a36bffe75f86306f9,main,AutoClaw/02_REFERENCE_IMPLEMENTATION,Stage 1/1.1/2 verified workspace,yes,imports/autoclaw-natural-math-workspace/02_REFERENCE_IMPLEMENTATION/natural_math_v5_Reference_Implementation_Stage_1.zip,identical,imports/autoclaw-natural-math-workspace/02_REFERENCE_IMPLEMENTATION/natural_math_v5_Reference_Implementation_Stage_1.zip,IMPORT,Verified AutoClaw workspace preserved through history-preserving subtree import.,
C:\_MASTER_LIBRARY\06_AUTOCLAW_WORKSPACE\03_EXPERIMENTS\extension_harness\__init__.py,C:\_MASTER_LIBRARY\06_AUTOCLAW_WORKSPACE,AutoClaw,__init__.py,py,4841,54C61CABE20CA934367833B4AF30598BFA70844DB6E37ABC23630E74D3504626,ef0d0b6b0ae1fea0f035fc2a36bffe75f86306f9,main,AutoClaw/03_EXPERIMENTS,Stage 1/1.1/2 verified workspace,no,,,imports/autoclaw-natural-math-workspace/03_EXPERIMENTS/extension_harness/__init__.py,IMPORT,Verified AutoClaw workspace preserved through history-preserving subtree import.,
C:\_MASTER_LIBRARY\06_AUTOCLAW_WORKSPACE\03_EXPERIMENTS\extension_harness\ab_runner.py,C:\_MASTER_LIBRARY\06_AUTOCLAW_WORKSPACE,AutoClaw,ab_runner.py,py,3634,F1BF7B8E40A6F2C3D4DC86BA6D3A9F156F46AD0AE5729CEA4A6AD0FDC48DD710,ef0d0b6b0ae1fea0f035fc2a36bffe75f86306f9,main,AutoClaw/03_EXPERIMENTS,Stage 1/1.1/2 verified workspace,no,,,imports/autoclaw-natural-math-workspace/03_EXPERIMENTS/extension_harness/ab_runner.py,IMPORT,Verified AutoClaw workspace preserved through history-preserving subtree import.,
C:\_MASTER_LIBRARY\06_AUTOCLAW_WORKSPACE\03_EXPERIMENTS\extension_harness\cluster_adapter.py,C:\_MASTER_LIBRARY\06_AUTOCLAW_WORKSPACE,AutoClaw,cluster_adapter.py,py,5504,5C00AC3963A9D6CD1CB99D733CCC06C25D13816866B6F19228C06B2B96CE80A1,ef0d0b6b0ae1fea0f035fc2a36bffe75f86306f9,main,AutoClaw/03_EXPERIMENTS,Stage 1/1.1/2 verified workspace,no,,,imports/autoclaw-natural-math-workspace/03_EXPERIMENTS/extension_harness/cluster_adapter.py,IMPORT,Verified AutoClaw workspace preserved through history-preserving subtree import.,
C:\_MASTER_LIBRARY\06_AUTOCLAW_WORKSPACE\03_EXPERIMENTS\extension_harness\comparison.py,C:\_MASTER_LIBRARY\06_AUTOCLAW_WORKSPACE,AutoClaw,comparison.py,py,3780,F9DE9572D7C8BA80E3303B4C66F57DF4A3610479D32296D98C12ED1D1649AD18,ef0d0b6b0ae1fea0f035fc2a36bffe75f86306f9,main,AutoClaw/03_EXPERIMENTS,Stage 1/1.1/2 verified workspace,no,,,imports/autoclaw-natural-math-workspace/03_EXPERIMENTS/extension_harness/comparison.py,IMPORT,Verified AutoClaw workspace preserved through history-preserving subtree import.,
C:\_MASTER_LIBRARY\06_AUTOCLAW_WORKSPACE\03_EXPERIMENTS\extension_harness\context.py,C:\_MASTER_LIBRARY\06_AUTOCLAW_WORKSPACE,AutoClaw,context.py,py,2839,3979287E77F5C609981FF73CA7735F9716F440D83C369E5296927770301C2F63,ef0d0b6b0ae1fea0f035fc2a36bffe75f86306f9,main,AutoClaw/03_EXPERIMENTS,Stage 1/1.1/2 verified workspace,no,,,imports/autoclaw-natural-math-workspace/03_EXPERIMENTS/extension_harness/context.py,IMPORT,Verified AutoClaw workspace preserved through history-preserving subtree import.,
C:\_MASTER_LIBRARY\06_AUTOCLAW_WORKSPACE\03_EXPERIMENTS\extension_harness\errors.py,C:\_MASTER_LIBRARY\06_AUTOCLAW_WORKSPACE,AutoClaw,errors.py,py,1362,42E2A40DAAB666976CB8965BBB4D66E9E40BFF0361374D53E8657F59F788F3E8,ef0d0b6b0ae1fea0f035fc2a36bffe75f86306f9,main,AutoClaw/03_EXPERIMENTS,Stage 1/1.1/2 verified workspace,no,,,imports/autoclaw-natural-math-workspace/03_EXPERIMENTS/extension_harness/errors.py,IMPORT,Verified AutoClaw workspace preserved through history-preserving subtree import.,
C:\_MASTER_LIBRARY\06_AUTOCLAW_WORKSPACE\03_EXPERIMENTS\extension_harness\hook_results.py,C:\_MASTER_LIBRARY\06_AUTOCLAW_WORKSPACE,AutoClaw,hook_results.py,py,4379,6F08AA012FEDE8804F2C72C19409BFA46F4A8B32F813CD1A17F217A0714D16C9,ef0d0b6b0ae1fea0f035fc2a36bffe75f86306f9,main,AutoClaw/03_EXPERIMENTS,Stage 1/1.1/2 verified workspace,no,,,imports/autoclaw-natural-math-workspace/03_EXPERIMENTS/extension_harness/hook_results.py,IMPORT,Verified AutoClaw workspace preserved through history-preserving subtree import.,
C:\_MASTER_LIBRARY\06_AUTOCLAW_WORKSPACE\03_EXPERIMENTS\extension_harness\local_adapter.py,C:\_MASTER_LIBRARY\06_AUTOCLAW_WORKSPACE,AutoClaw,local_adapter.py,py,3376,9CD92D3266B9B5761C147D4151F98D19EE1813F2B9DC39359AE25482803CF957,ef0d0b6b0ae1fea0f035fc2a36bffe75f86306f9,main,AutoClaw/03_EXPERIMENTS,Stage 1/1.1/2 verified workspace,no,,,imports/autoclaw-natural-math-workspace/03_EXPERIMENTS/extension_harness/local_adapter.py,IMPORT,Verified AutoClaw workspace preserved through history-preserving subtree import.,
C:\_MASTER_LIBRARY\06_AUTOCLAW_WORKSPACE\03_EXPERIMENTS\extension_harness\manifest.py,C:\_MASTER_LIBRARY\06_AUTOCLAW_WORKSPACE,AutoClaw,manifest.py,py,9302,A8AC7072C8576AA53EEB4BEBB89E101D3FCDC6AED7CF842C6C61C678D8728726,ef0d0b6b0ae1fea0f035fc2a36bffe75f86306f9,main,AutoClaw/03_EXPERIMENTS,Stage 1/1.1/2 verified workspace,no,,,imports/autoclaw-natural-math-workspace/03_EXPERIMENTS/extension_harness/manifest.py,IMPORT,Verified AutoClaw workspace preserved through history-preserving subtree import.,
C:\_MASTER_LIBRARY\06_AUTOCLAW_WORKSPACE\03_EXPERIMENTS\extension_harness\noop_extension.py,C:\_MASTER_LIBRARY\06_AUTOCLAW_WORKSPACE,AutoClaw,noop_extension.py,py,5019,46A0027C611DD05968EBBFDE24B5C6E979D73CD4B27A3BAE9EAA56473BE0AD15,ef0d0b6b0ae1fea0f035fc2a36bffe75f86306f9,main,AutoClaw/03_EXPERIMENTS,Stage 1/1.1/2 verified workspace,no,,,imports/autoclaw-natural-math-workspace/03_EXPERIMENTS/extension_harness/noop_extension.py,IMPORT,Verified AutoClaw workspace preserved through history-preserving subtree import.,
C:\_MASTER_LIBRARY\06_AUTOCLAW_WORKSPACE\03_EXPERIMENTS\extension_harness\protocol.py,C:\_MASTER_LIBRARY\06_AUTOCLAW_WORKSPACE,AutoClaw,protocol.py,py,3919,713D3BF0D7E85CFFF229FEFDB154C682E1CA8215C2B1F61A37D73FA22BF66BE5,ef0d0b6b0ae1fea0f035fc2a36bffe75f86306f9,main,AutoClaw/03_EXPERIMENTS,Stage 1/1.1/2 verified workspace,no,,,imports/autoclaw-natural-math-workspace/03_EXPERIMENTS/extension_harness/protocol.py,IMPORT,Verified AutoClaw workspace preserved through history-preserving subtree import.,
C:\_MASTER_LIBRARY\06_AUTOCLAW_WORKSPACE\03_EXPERIMENTS\extension_harness\provenance.py,C:\_MASTER_LIBRARY\06_AUTOCLAW_WORKSPACE,AutoClaw,provenance.py,py,1984,15E67594976E2829579D4BF4F3D598455E13197FBC76E9E68CD6C8C1628888A9,ef0d0b6b0ae1fea0f035fc2a36bffe75f86306f9,main,AutoClaw/03_EXPERIMENTS,Stage 1/1.1/2 verified workspace,no,,,imports/autoclaw-natural-math-workspace/03_EXPERIMENTS/extension_harness/provenance.py,IMPORT,Verified AutoClaw workspace preserved through history-preserving subtree import.,
C:\_MASTER_LIBRARY\06_AUTOCLAW_WORKSPACE\03_EXPERIMENTS\extension_harness\randomness.py,C:\_MASTER_LIBRARY\06_AUTOCLAW_WORKSPACE,AutoClaw,randomness.py,py,2060,9B3A231900BE52C4AB7F924EBB66B2BA0A2A01896BB7425CFB5166549EA4AE21,ef0d0b6b0ae1fea0f035fc2a36bffe75f86306f9,main,AutoClaw/03_EXPERIMENTS,Stage 1/1.1/2 verified workspace,no,,,imports/autoclaw-natural-math-workspace/03_EXPERIMENTS/extension_harness/randomness.py,IMPORT,Verified AutoClaw workspace preserved through history-preserving subtree import.,
C:\_MASTER_LIBRARY\06_AUTOCLAW_WORKSPACE\03_EXPERIMENTS\extension_harness\registry.py,C:\_MASTER_LIBRARY\06_AUTOCLAW_WORKSPACE,AutoClaw,registry.py,py,2543,0AB27239F7D08DD78FDA53E65C4FAC9BC4E6069C17BDEACE444AFC5274911FA7,ef0d0b6b0ae1fea0f035fc2a36bffe75f86306f9,main,AutoClaw/03_EXPERIMENTS,Stage 1/1.1/2 verified workspace,no,,,imports/autoclaw-natural-math-workspace/03_EXPERIMENTS/extension_harness/registry.py,IMPORT,Verified AutoClaw workspace preserved through history-preserving subtree import.,
C:\_MASTER_LIBRARY\06_AUTOCLAW_WORKSPACE\03_EXPERIMENTS\extension_harness\runner.py,C:\_MASTER_LIBRARY\06_AUTOCLAW_WORKSPACE,AutoClaw,runner.py,py,5526,AFB81858A687C114D4AAF3CFAE48A11EA17CCF471068E7C9F9BBCDA02D3EB81B,ef0d0b6b0ae1fea0f035fc2a36bffe75f86306f9,main,AutoClaw/03_EXPERIMENTS,Stage 1/1.1/2 verified workspace,no,,,imports/autoclaw-natural-math-workspace/03_EXPERIMENTS/extension_harness/runner.py,IMPORT,Verified AutoClaw workspace preserved through history-preserving subtree import.,
C:\_MASTER_LIBRARY\06_AUTOCLAW_WORKSPACE\03_EXPERIMENTS\extension_harness\serialization.py,C:\_MASTER_LIBRARY\06_AUTOCLAW_WORKSPACE,AutoClaw,serialization.py,py,3442,C8CF6F2684B14A35E83E85335C98CCD6C9D84B6589D333980E6658CE3715F357,ef0d0b6b0ae1fea0f035fc2a36bffe75f86306f9,main,AutoClaw/03_EXPERIMENTS,Stage 1/1.1/2 verified workspace,no,,,imports/autoclaw-natural-math-workspace/03_EXPERIMENTS/extension_harness/serialization.py,IMPORT,Verified AutoClaw workspace preserved through history-preserving subtree import.,
C:\_MASTER_LIBRARY\06_AUTOCLAW_WORKSPACE\03_EXPERIMENTS\extension_harness\snapshots.py,C:\_MASTER_LIBRARY\06_AUTOCLAW_WORKSPACE,AutoClaw,snapshots.py,py,5806,B0438C5703777E6B5EC5BE75B7170490C53D5C4C2D51241C0B6103B11555AC43,ef0d0b6b0ae1fea0f035fc2a36bffe75f86306f9,main,AutoClaw/03_EXPERIMENTS,Stage 1/1.1/2 verified workspace,no,,,imports/autoclaw-natural-math-workspace/03_EXPERIMENTS/extension_harness/snapshots.py,IMPORT,Verified AutoClaw workspace preserved through history-preserving subtree import.,
C:\_MASTER_LIBRARY\06_AUTOCLAW_WORKSPACE\03_EXPERIMENTS\extension_harness\state_store.py,C:\_MASTER_LIBRARY\06_AUTOCLAW_WORKSPACE,AutoClaw,state_store.py,py,2622,4F77D570E55ABB48AFA72AEB67CE8A35CC55EABA04E46D8A808B5C081B7CA4B0,ef0d0b6b0ae1fea0f035fc2a36bffe75f86306f9,main,AutoClaw/03_EXPERIMENTS,Stage 1/1.1/2 verified workspace,no,,,imports/autoclaw-natural-math-workspace/03_EXPERIMENTS/extension_harness/state_store.py,IMPORT,Verified AutoClaw workspace preserved through history-preserving subtree import.,
C:\_MASTER_LIBRARY\06_AUTOCLAW_WORKSPACE\03_EXPERIMENTS\extension_harness\types.py,C:\_MASTER_LIBRARY\06_AUTOCLAW_WORKSPACE,AutoClaw,types.py,py,3237,CBC5BAD475F8041F5C5F8EAB6781BEFFFF24EFCC0F33C796193DBBE63ED699BA,ef0d0b6b0ae1fea0f035fc2a36bffe75f86306f9,main,AutoClaw/03_EXPERIMENTS,Stage 1/1.1/2 verified workspace,no,,,imports/autoclaw-natural-math-workspace/03_EXPERIMENTS/extension_harness/types.py,IMPORT,Verified AutoClaw workspace preserved through history-preserving subtree import.,
C:\_MASTER_LIBRARY\06_AUTOCLAW_WORKSPACE\04_TESTS\extension_harness\test_adapters.py,C:\_MASTER_LIBRARY\06_AUTOCLAW_WORKSPACE,AutoClaw,test_adapters.py,py,20426,65C67EEC24F590D5C47566A1BCA9A64331E353C93C486491DF72D665C85513F5,ef0d0b6b0ae1fea0f035fc2a36bffe75f86306f9,main,AutoClaw/04_TESTS,Stage 1/1.1/2 verified workspace,no,,,imports/autoclaw-natural-math-workspace/04_TESTS/extension_harness/test_adapters.py,IMPORT,Verified AutoClaw workspace preserved through history-preserving subtree import.,
C:\_MASTER_LIBRARY\06_AUTOCLAW_WORKSPACE\04_TESTS\extension_harness\test_core.py,C:\_MASTER_LIBRARY\06_AUTOCLAW_WORKSPACE,AutoClaw,test_core.py,py,17189,394393C4A24122A0731072A596E284DE97A9A480EDE2D2FD6E156564FD840C5D,ef0d0b6b0ae1fea0f035fc2a36bffe75f86306f9,main,AutoClaw/04_TESTS,Stage 1/1.1/2 verified workspace,no,,,imports/autoclaw-natural-math-workspace/04_TESTS/extension_harness/test_core.py,IMPORT,Verified AutoClaw workspace preserved through history-preserving subtree import.,
C:\_MASTER_LIBRARY\06_AUTOCLAW_WORKSPACE\04_TESTS\extension_harness\test_mutation_resistance.py,C:\_MASTER_LIBRARY\06_AUTOCLAW_WORKSPACE,AutoClaw,test_mutation_resistance.py,py,14020,9E5C87264F930D9B76362582AE96CA3854B55C68DC3B9B5EF7E28B719CB2FA31,ef0d0b6b0ae1fea0f035fc2a36bffe75f86306f9,main,AutoClaw/04_TESTS,Stage 1/1.1/2 verified workspace,no,,,imports/autoclaw-natural-math-workspace/04_TESTS/extension_harness/test_mutation_resistance.py,IMPORT,Verified AutoClaw workspace preserved through history-preserving subtree import.,
C:\_MASTER_LIBRARY\06_AUTOCLAW_WORKSPACE\04_TESTS\extension_harness\test_rng_equivalence.py,C:\_MASTER_LIBRARY\06_AUTOCLAW_WORKSPACE,AutoClaw,test_rng_equivalence.py,py,5954,DCC2E3C4D02CE7B66342DB96611900DE72D123219BB7EDD44E235BB9098EBFFE,ef0d0b6b0ae1fea0f035fc2a36bffe75f86306f9,main,AutoClaw/04_TESTS,Stage 1/1.1/2 verified workspace,no,,,imports/autoclaw-natural-math-workspace/04_TESTS/extension_harness/test_rng_equivalence.py,IMPORT,Verified AutoClaw workspace preserved through history-preserving subtree import.,
C:\_MASTER_LIBRARY\06_AUTOCLAW_WORKSPACE\04_TESTS\extension_harness\test_state_isolation.py,C:\_MASTER_LIBRARY\06_AUTOCLAW_WORKSPACE,AutoClaw,test_state_isolation.py,py,9200,6F7BBB5BDC9E869A43C6AD4872172860B6405E7B4AEA3D36CF7F7CFC7A36BAE1,ef0d0b6b0ae1fea0f035fc2a36bffe75f86306f9,main,AutoClaw/04_TESTS,Stage 1/1.1/2 verified workspace,no,,,imports/autoclaw-natural-math-workspace/04_TESTS/extension_harness/test_state_isolation.py,IMPORT,Verified AutoClaw workspace preserved through history-preserving subtree import.,
C:\_MASTER_LIBRARY\06_AUTOCLAW_WORKSPACE\04_TESTS\extension_harness\test_trace_compatibility.py,C:\_MASTER_LIBRARY\06_AUTOCLAW_WORKSPACE,AutoClaw,test_trace_compatibility.py,py,7960,A2411011ABC3724F2825B8AC4F87C676FB8A1A0CC188D7FE734FA07833A156E4,ef0d0b6b0ae1fea0f035fc2a36bffe75f86306f9,main,AutoClaw/04_TESTS,Stage 1/1.1/2 verified workspace,no,,,imports/autoclaw-natural-math-workspace/04_TESTS/extension_harness/test_trace_compatibility.py,IMPORT,Verified AutoClaw workspace preserved through history-preserving subtree import.,
C:\_MASTER_LIBRARY\06_AUTOCLAW_WORKSPACE\04_TESTS\layer_b_conformance\_fix.py,C:\_MASTER_LIBRARY\06_AUTOCLAW_WORKSPACE,AutoClaw,_fix.py,py,2209,0D4EF4384A4C2D46DBD2C1C1941D173A64FDE304DAAAAFC4EDC7A31EF20B74CA,ef0d0b6b0ae1fea0f035fc2a36bffe75f86306f9,main,AutoClaw/04_TESTS,Stage 1/1.1/2 verified workspace,no,,,imports/autoclaw-natural-math-workspace/04_TESTS/layer_b_conformance/_fix.py,IMPORT,Verified AutoClaw workspace preserved through history-preserving subtree import.,
C:\_MASTER_LIBRARY\06_AUTOCLAW_WORKSPACE\04_TESTS\layer_b_conformance\_fix2.py,C:\_MASTER_LIBRARY\06_AUTOCLAW_WORKSPACE,AutoClaw,_fix2.py,py,2643,BC90B8DAD7F8414F3BC4F5C2C35658F29A5831EB3F9FA377DC52FCF782C97C5C,ef0d0b6b0ae1fea0f035fc2a36bffe75f86306f9,main,AutoClaw/04_TESTS,Stage 1/1.1/2 verified workspace,no,,,imports/autoclaw-natural-math-workspace/04_TESTS/layer_b_conformance/_fix2.py,IMPORT,Verified AutoClaw workspace preserved through history-preserving subtree import.,
C:\_MASTER_LIBRARY\06_AUTOCLAW_WORKSPACE\04_TESTS\layer_b_conformance\_fix3.py,C:\_MASTER_LIBRARY\06_AUTOCLAW_WORKSPACE,AutoClaw,_fix3.py,py,1656,3B59EA0E34AB0B532FEFEA92A296A0E60653E117D7DD5944BAFC82567C6E73A5,ef0d0b6b0ae1fea0f035fc2a36bffe75f86306f9,main,AutoClaw/04_TESTS,Stage 1/1.1/2 verified workspace,no,,,imports/autoclaw-natural-math-workspace/04_TESTS/layer_b_conformance/_fix3.py,IMPORT,Verified AutoClaw workspace preserved through history-preserving subtree import.,
C:\_MASTER_LIBRARY\06_AUTOCLAW_WORKSPACE\04_TESTS\layer_b_conformance\_gen_tests.py,C:\_MASTER_LIBRARY\06_AUTOCLAW_WORKSPACE,AutoClaw,_gen_tests.py,py,120,7A27F8BCFE70F0B489327CBB245432125BC6D97CB8A471B1E5D8776911C86C68,ef0d0b6b0ae1fea0f035fc2a36bffe75f86306f9,main,AutoClaw/04_TESTS,Stage 1/1.1/2 verified workspace,yes,imports/autoclaw-natural-math-workspace/04_TESTS/layer_b_conformance/_gen_tests.py,identical,imports/autoclaw-natural-math-workspace/04_TESTS/layer_b_conformance/_gen_tests.py,IMPORT,Verified AutoClaw workspace preserved through history-preserving subtree import.,
C:\_MASTER_LIBRARY\06_AUTOCLAW_WORKSPACE\04_TESTS\layer_b_conformance\gen.py,C:\_MASTER_LIBRARY\06_AUTOCLAW_WORKSPACE,AutoClaw,gen.py,py,0,E3B0C44298FC1C149AFBF4C8996FB92427AE41E4649B934CA495991B7852B855,ef0d0b6b0ae1fea0f035fc2a36bffe75f86306f9,main,AutoClaw/04_TESTS,Stage 1/1.1/2 verified workspace,yes,imports/autoclaw-natural-math-workspace/04_TESTS/layer_b_conformance/gen.py,identical,imports/autoclaw-natural-math-workspace/04_TESTS/layer_b_conformance/gen.py,IMPORT,Verified AutoClaw workspace preserved through history-preserving subtree import.,
C:\_MASTER_LIBRARY\06_AUTOCLAW_WORKSPACE\04_TESTS\layer_b_conformance\test_cluster.py,C:\_MASTER_LIBRARY\06_AUTOCLAW_WORKSPACE,AutoClaw,test_cluster.py,py,15091,33FC323BC314919C1E6BD1242985D28008C59319BFC3A9A180C0A76C13CF14A3,ef0d0b6b0ae1fea0f035fc2a36bffe75f86306f9,main,AutoClaw/04_TESTS,Stage 1/1.1/2 verified workspace,no,,,imports/autoclaw-natural-math-workspace/04_TESTS/layer_b_conformance/test_cluster.py,IMPORT,Verified AutoClaw workspace preserved through history-preserving subtree import.,
C:\_MASTER_LIBRARY\06_AUTOCLAW_WORKSPACE\04_TESTS\layer_b_conformance\test_local_core.py,C:\_MASTER_LIBRARY\06_AUTOCLAW_WORKSPACE,AutoClaw,test_local_core.py,py,25417,45BAE5494FF05F7B45AEE930476EE3F9538CE56874D6BC672AB7FB967E596DDA,ef0d0b6b0ae1fea0f035fc2a36bffe75f86306f9,main,AutoClaw/04_TESTS,Stage 1/1.1/2 verified workspace,yes,imports/autoclaw-natural-math-workspace/04_TESTS/layer_b_conformance/test_local_core.py,identical,imports/autoclaw-natural-math-workspace/04_TESTS/layer_b_conformance/test_local_core.py,IMPORT,Verified AutoClaw workspace preserved through history-preserving subtree import.,
C:\_MASTER_LIBRARY\06_AUTOCLAW_WORKSPACE\04_TESTS\layer_b_conformance\test_parameters.py,C:\_MASTER_LIBRARY\06_AUTOCLAW_WORKSPACE,AutoClaw,test_parameters.py,py,25980,8C3877E31CF21A9089EF302023A8CFF1EA9C5C97B669B6DC0CA165E77FC4FAA4,ef0d0b6b0ae1fea0f035fc2a36bffe75f86306f9,main,AutoClaw/04_TESTS,Stage 1/1.1/2 verified workspace,no,,,imports/autoclaw-natural-math-workspace/04_TESTS/layer_b_conformance/test_parameters.py,IMPORT,Verified AutoClaw workspace preserved through history-preserving subtree import.,
C:\_MASTER_LIBRARY\06_AUTOCLAW_WORKSPACE\04_TESTS\layer_b_conformance\test_simple.py,C:\_MASTER_LIBRARY\06_AUTOCLAW_WORKSPACE,AutoClaw,test_simple.py,py,26,5ABEDC8527AB437DEF0A91EC37932772193D8FC41CA2A6E86AE6790AFBAD98AE,ef0d0b6b0ae1fea0f035fc2a36bffe75f86306f9,main,AutoClaw/04_TESTS,Stage 1/1.1/2 verified workspace,no,,,imports/autoclaw-natural-math-workspace/04_TESTS/layer_b_conformance/test_simple.py,IMPORT,Verified AutoClaw workspace preserved through history-preserving subtree import.,
C:\_MASTER_LIBRARY\06_AUTOCLAW_WORKSPACE\04_TESTS\layer_b_conformance\test_trace_equivalence.py,C:\_MASTER_LIBRARY\06_AUTOCLAW_WORKSPACE,AutoClaw,test_trace_equivalence.py,py,12670,1BB089593A98D8F0F2741FED3C65A1B568532883D45FB4F4A26C6DE2493AC301,ef0d0b6b0ae1fea0f035fc2a36bffe75f86306f9,main,AutoClaw/04_TESTS,Stage 1/1.1/2 verified workspace,no,,,imports/autoclaw-natural-math-workspace/04_TESTS/layer_b_conformance/test_trace_equivalence.py,IMPORT,Verified AutoClaw workspace preserved through history-preserving subtree import.,
C:\_MASTER_LIBRARY\06_AUTOCLAW_WORKSPACE\05_RESULTS\extension_harness\deterministic_mode_comparison.json,C:\_MASTER_LIBRARY\06_AUTOCLAW_WORKSPACE,AutoClaw,deterministic_mode_comparison.json,json,84691,33CC3B33933EF8501FDDC7257022BA3754B51C539B915CFB4A3078440BCE3076,ef0d0b6b0ae1fea0f035fc2a36bffe75f86306f9,main,AutoClaw/05_RESULTS,Stage 1/1.1/2 verified workspace,no,,,imports/autoclaw-natural-math-workspace/05_RESULTS/extension_harness/deterministic_mode_comparison.json,IMPORT,Verified AutoClaw workspace preserved through history-preserving subtree import.,
C:\_MASTER_LIBRARY\06_AUTOCLAW_WORKSPACE\05_RESULTS\extension_harness\original_oracle_mode_comparison.json,C:\_MASTER_LIBRARY\06_AUTOCLAW_WORKSPACE,AutoClaw,original_oracle_mode_comparison.json,json,25748,8B2436483A89A54086A50FF8CA5EB2B192DE72AD7FDED6843914DDD7BEC3E3D3,ef0d0b6b0ae1fea0f035fc2a36bffe75f86306f9,main,AutoClaw/05_RESULTS,Stage 1/1.1/2 verified workspace,no,,,imports/autoclaw-natural-math-workspace/05_RESULTS/extension_harness/original_oracle_mode_comparison.json,IMPORT,Verified AutoClaw workspace preserved through history-preserving subtree import.,
C:\_MASTER_LIBRARY\06_AUTOCLAW_WORKSPACE\05_RESULTS\frozen_v5\compare_donors.py,C:\_MASTER_LIBRARY\06_AUTOCLAW_WORKSPACE,AutoClaw,compare_donors.py,py,79356,76952E02F05087EF0F0D173648ED348E68527A4A032C9A5A68F26FB6F2A436EB,ef0d0b6b0ae1fea0f035fc2a36bffe75f86306f9,main,AutoClaw/05_RESULTS,Stage 1/1.1/2 verified workspace,no,,,imports/autoclaw-natural-math-workspace/05_RESULTS/frozen_v5/compare_donors.py,IMPORT,Verified AutoClaw workspace preserved through history-preserving subtree import.,
C:\_MASTER_LIBRARY\06_AUTOCLAW_WORKSPACE\05_RESULTS\frozen_v5\debug_part_c.py,C:\_MASTER_LIBRARY\06_AUTOCLAW_WORKSPACE,AutoClaw,debug_part_c.py,py,765,2079A94BC560A247C04D20270FBB21EA65BA52A5EBFACDDD913C5339631A2638,ef0d0b6b0ae1fea0f035fc2a36bffe75f86306f9,main,AutoClaw/05_RESULTS,Stage 1/1.1/2 verified workspace,no,,,imports/autoclaw-natural-math-workspace/05_RESULTS/frozen_v5/debug_part_c.py,IMPORT,Verified AutoClaw workspace preserved through history-preserving subtree import.,
C:\_MASTER_LIBRARY\06_AUTOCLAW_WORKSPACE\05_RESULTS\frozen_v5\deterministic_replay_results.json,C:\_MASTER_LIBRARY\06_AUTOCLAW_WORKSPACE,AutoClaw,deterministic_replay_results.json,json,234,118F3D758503512525914DABEBD268CECDF138343B90F3B79753F5AEC5B555B8,ef0d0b6b0ae1fea0f035fc2a36bffe75f86306f9,main,AutoClaw/05_RESULTS,Stage 1/1.1/2 verified workspace,yes,imports/autoclaw-natural-math-workspace/05_RESULTS/frozen_v5/deterministic_replay_results.json,identical,imports/autoclaw-natural-math-workspace/05_RESULTS/frozen_v5/deterministic_replay_results.json,IMPORT,Verified AutoClaw workspace preserved through history-preserving subtree import.,
C:\_MASTER_LIBRARY\06_AUTOCLAW_WORKSPACE\05_RESULTS\frozen_v5\deterministic_replay_results.md,C:\_MASTER_LIBRARY\06_AUTOCLAW_WORKSPACE,AutoClaw,deterministic_replay_results.md,md,1427,AE84A177B29EFF5E181DC2C4656DD6098EF39867373DA81EEC3EE487267FB32F,ef0d0b6b0ae1fea0f035fc2a36bffe75f86306f9,main,AutoClaw/05_RESULTS,Stage 1/1.1/2 verified workspace,yes,imports/autoclaw-natural-math-workspace/05_RESULTS/frozen_v5/deterministic_replay_results.md,identical,imports/autoclaw-natural-math-workspace/05_RESULTS/frozen_v5/deterministic_replay_results.md,IMPORT,Verified AutoClaw workspace preserved through history-preserving subtree import.,
C:\_MASTER_LIBRARY\06_AUTOCLAW_WORKSPACE\05_RESULTS\frozen_v5\donor_differential_results.json,C:\_MASTER_LIBRARY\06_AUTOCLAW_WORKSPACE,AutoClaw,donor_differential_results.json,json,36296,CABA6C68101EECB1E6C9C8088A648FA15ED28B65EBE123EC0DDEDC8BC8F243DA,ef0d0b6b0ae1fea0f035fc2a36bffe75f86306f9,main,AutoClaw/05_RESULTS,Stage 1/1.1/2 verified workspace,yes,imports/autoclaw-natural-math-workspace/05_RESULTS/frozen_v5/donor_differential_results.json,identical,imports/autoclaw-natural-math-workspace/05_RESULTS/frozen_v5/donor_differential_results.json,IMPORT,Verified AutoClaw workspace preserved through history-preserving subtree import.,
C:\_MASTER_LIBRARY\06_AUTOCLAW_WORKSPACE\05_RESULTS\frozen_v5\donor_differential_results.md,C:\_MASTER_LIBRARY\06_AUTOCLAW_WORKSPACE,AutoClaw,donor_differential_results.md,md,9436,8C0EC69514700770FA410A51CBF138EBEB48125F14F43F0CD0DCF8B8F06AE68E,ef0d0b6b0ae1fea0f035fc2a36bffe75f86306f9,main,AutoClaw/05_RESULTS,Stage 1/1.1/2 verified workspace,yes,imports/autoclaw-natural-math-workspace/05_RESULTS/frozen_v5/donor_differential_results.md,identical,imports/autoclaw-natural-math-workspace/05_RESULTS/frozen_v5/donor_differential_results.md,IMPORT,Verified AutoClaw workspace preserved through history-preserving subtree import.,
C:\_MASTER_LIBRARY\06_AUTOCLAW_WORKSPACE\05_RESULTS\frozen_v5\original_fixture_ledger.csv,C:\_MASTER_LIBRARY\06_AUTOCLAW_WORKSPACE,AutoClaw,original_fixture_ledger.csv,csv,2786,CA846D1E9FF7E05BE86DEA3119DEEE92C4C2E54F4FA822859DF6E4E19FA952E7,ef0d0b6b0ae1fea0f035fc2a36bffe75f86306f9,main,AutoClaw/05_RESULTS,Stage 1/1.1/2 verified workspace,yes,imports/autoclaw-natural-math-workspace/05_RESULTS/frozen_v5/original_fixture_ledger.csv,identical,imports/autoclaw-natural-math-workspace/05_RESULTS/frozen_v5/original_fixture_ledger.csv,IMPORT,Verified AutoClaw workspace preserved through history-preserving subtree import.,
C:\_MASTER_LIBRARY\06_AUTOCLAW_WORKSPACE\05_RESULTS\frozen_v5\original_oracle_results.json,C:\_MASTER_LIBRARY\06_AUTOCLAW_WORKSPACE,AutoClaw,original_oracle_results.json,json,5460,9BAFB45281DAF147FE5959E9079CA1970DF7540EABCC6A4FB218939CCCB656C0,ef0d0b6b0ae1fea0f035fc2a36bffe75f86306f9,main,AutoClaw/05_RESULTS,Stage 1/1.1/2 verified workspace,yes,imports/autoclaw-natural-math-workspace/05_RESULTS/frozen_v5/original_oracle_results.json,identical,imports/autoclaw-natural-math-workspace/05_RESULTS/frozen_v5/original_oracle_results.json,IMPORT,Verified AutoClaw workspace preserved through history-preserving subtree import.,
C:\_MASTER_LIBRARY\06_AUTOCLAW_WORKSPACE\05_RESULTS\frozen_v5\original_oracle_results.md,C:\_MASTER_LIBRARY\06_AUTOCLAW_WORKSPACE,AutoClaw,original_oracle_results.md,md,4010,E20D31D3FB718E177F3A99A8C9B227335D6F9B0B2DC9F5DEC2657E3E724C2CCB,ef0d0b6b0ae1fea0f035fc2a36bffe75f86306f9,main,AutoClaw/05_RESULTS,Stage 1/1.1/2 verified workspace,yes,imports/autoclaw-natural-math-workspace/05_RESULTS/frozen_v5/original_oracle_results.md,identical,imports/autoclaw-natural-math-workspace/05_RESULTS/frozen_v5/original_oracle_results.md,IMPORT,Verified AutoClaw workspace preserved through history-preserving subtree import.,
C:\_MASTER_LIBRARY\06_AUTOCLAW_WORKSPACE\05_RESULTS\frozen_v5\original_oracle_runner.py,C:\_MASTER_LIBRARY\06_AUTOCLAW_WORKSPACE,AutoClaw,original_oracle_runner.py,py,25329,4C3951973744F27F7D86BE60BE400EF0A7A5A08A9EBD5FCF849B136627F96114,ef0d0b6b0ae1fea0f035fc2a36bffe75f86306f9,main,AutoClaw/05_RESULTS,Stage 1/1.1/2 verified workspace,no,,,imports/autoclaw-natural-math-workspace/05_RESULTS/frozen_v5/original_oracle_runner.py,IMPORT,Verified AutoClaw workspace preserved through history-preserving subtree import.,
C:\_MASTER_LIBRARY\06_AUTOCLAW_WORKSPACE\05_RESULTS\frozen_v5\run_tests.py,C:\_MASTER_LIBRARY\06_AUTOCLAW_WORKSPACE,AutoClaw,run_tests.py,py,20615,143DC28E262C2061FE67A447FA8EAFC2EA1F6A87E6502B205A8B641D3313D05C,ef0d0b6b0ae1fea0f035fc2a36bffe75f86306f9,main,AutoClaw/05_RESULTS,Stage 1/1.1/2 verified workspace,no,,,imports/autoclaw-natural-math-workspace/05_RESULTS/frozen_v5/run_tests.py,IMPORT,Verified AutoClaw workspace preserved through history-preserving subtree import.,
C:\_MASTER_LIBRARY\06_AUTOCLAW_WORKSPACE\05_RESULTS\frozen_v5\temp_donors\donor_cluster.py,C:\_MASTER_LIBRARY\06_AUTOCLAW_WORKSPACE,AutoClaw,donor_cluster.py,py,42089,F823FA9EC81645E85719DBAFE6265440C4A9777790B7A3B73389244315838E5D,ef0d0b6b0ae1fea0f035fc2a36bffe75f86306f9,main,AutoClaw/05_RESULTS,Stage 1/1.1/2 verified workspace,no,,,imports/autoclaw-natural-math-workspace/05_RESULTS/frozen_v5/temp_donors/donor_cluster.py,IMPORT,Verified AutoClaw workspace preserved through history-preserving subtree import.,
C:\_MASTER_LIBRARY\06_AUTOCLAW_WORKSPACE\05_RESULTS\frozen_v5\temp_donors\donor_int.py,C:\_MASTER_LIBRARY\06_AUTOCLAW_WORKSPACE,AutoClaw,donor_int.py,py,27213,31BF301873B9FB872C4EFA24237DD3FE24238644441FABC54235122201553965,ef0d0b6b0ae1fea0f035fc2a36bffe75f86306f9,main,AutoClaw/05_RESULTS,Stage 1/1.1/2 verified workspace,no,,,imports/autoclaw-natural-math-workspace/05_RESULTS/frozen_v5/temp_donors/donor_int.py,IMPORT,Verified AutoClaw workspace preserved through history-preserving subtree import.,
C:\_MASTER_LIBRARY\06_AUTOCLAW_WORKSPACE\06_REPORTS\STAGE_1_1_COMPLETION.md,C:\_MASTER_LIBRARY\06_AUTOCLAW_WORKSPACE,AutoClaw,STAGE_1_1_COMPLETION.md,md,6337,FBD4BB74E821BF3A7E687A19C61538337665EAC9950C4EC1D662DDACD869AECF,ef0d0b6b0ae1fea0f035fc2a36bffe75f86306f9,main,AutoClaw/06_REPORTS,Stage 1/1.1/2 verified workspace,yes,imports/autoclaw-natural-math-workspace/06_REPORTS/STAGE_1_1_COMPLETION.md,identical,imports/autoclaw-natural-math-workspace/06_REPORTS/STAGE_1_1_COMPLETION.md,IMPORT,Verified AutoClaw workspace preserved through history-preserving subtree import.,
C:\_MASTER_LIBRARY\06_AUTOCLAW_WORKSPACE\06_REPORTS\STAGE_1_COMPLETION.md,C:\_MASTER_LIBRARY\06_AUTOCLAW_WORKSPACE,AutoClaw,STAGE_1_COMPLETION.md,md,6823,7DEBCDCD10BFF352DF31EDB1AA9C307E1326E0F2C94F89FF45A4BC0108E92CDD,ef0d0b6b0ae1fea0f035fc2a36bffe75f86306f9,main,AutoClaw/06_REPORTS,Stage 1/1.1/2 verified workspace,no,,,imports/autoclaw-natural-math-workspace/06_REPORTS/STAGE_1_COMPLETION.md,IMPORT,Verified AutoClaw workspace preserved through history-preserving subtree import.,
C:\_MASTER_LIBRARY\06_AUTOCLAW_WORKSPACE\06_REPORTS\autoclaw_readiness_confirmation.md,C:\_MASTER_LIBRARY\06_AUTOCLAW_WORKSPACE,AutoClaw,autoclaw_readiness_confirmation.md,md,5202,BEAB1BF84613A25DC053D276F604A24D30287E1086ABE87C4394D4FDCCF1EA42,ef0d0b6b0ae1fea0f035fc2a36bffe75f86306f9,main,AutoClaw/06_REPORTS,Stage 1/1.1/2 verified workspace,no,,,imports/autoclaw-natural-math-workspace/06_REPORTS/autoclaw_readiness_confirmation.md,IMPORT,Verified AutoClaw workspace preserved through history-preserving subtree import.,
C:\_MASTER_LIBRARY\06_AUTOCLAW_WORKSPACE\06_REPORTS\baby_ai_layered_build_map.md,C:\_MASTER_LIBRARY\06_AUTOCLAW_WORKSPACE,AutoClaw,baby_ai_layered_build_map.md,md,8211,C6B97AC401B48DC2921612165055EE406870936E3B8DFFFD765C4BBE28AC0BFA,ef0d0b6b0ae1fea0f035fc2a36bffe75f86306f9,main,AutoClaw/06_REPORTS,Stage 1/1.1/2 verified workspace,no,,,imports/autoclaw-natural-math-workspace/06_REPORTS/baby_ai_layered_build_map.md,IMPORT,Verified AutoClaw workspace preserved through history-preserving subtree import.,
C:\_MASTER_LIBRARY\06_AUTOCLAW_WORKSPACE\06_REPORTS\cluster_runner_spec_gap_audit.md,C:\_MASTER_LIBRARY\06_AUTOCLAW_WORKSPACE,AutoClaw,cluster_runner_spec_gap_audit.md,md,13206,BFA3E31D9118396B2E974E974D76E7D9FEC334D4CFE8D567264FA489E34C3374,ef0d0b6b0ae1fea0f035fc2a36bffe75f86306f9,main,AutoClaw/06_REPORTS,Stage 1/1.1/2 verified workspace,no,,,imports/autoclaw-natural-math-workspace/06_REPORTS/cluster_runner_spec_gap_audit.md,IMPORT,Verified AutoClaw workspace preserved through history-preserving subtree import.,
C:\_MASTER_LIBRARY\06_AUTOCLAW_WORKSPACE\06_REPORTS\downloads_trove_survey.md,C:\_MASTER_LIBRARY\06_AUTOCLAW_WORKSPACE,AutoClaw,downloads_trove_survey.md,md,15258,D105CC8D96F96FD07B6E3C758FC4E1E0791C62FEDD65094A3D45C155B47A2965,ef0d0b6b0ae1fea0f035fc2a36bffe75f86306f9,main,AutoClaw/06_REPORTS,Stage 1/1.1/2 verified workspace,no,,,imports/autoclaw-natural-math-workspace/06_REPORTS/downloads_trove_survey.md,IMPORT,Verified AutoClaw workspace preserved through history-preserving subtree import.,
C:\_MASTER_LIBRARY\06_AUTOCLAW_WORKSPACE\06_REPORTS\integer_runner_spec_gap_audit.md,C:\_MASTER_LIBRARY\06_AUTOCLAW_WORKSPACE,AutoClaw,integer_runner_spec_gap_audit.md,md,12506,0F09FA2F3B87EE698C084417D5C9540EE3B6B350574D7C1227FBB30134030AEB,ef0d0b6b0ae1fea0f035fc2a36bffe75f86306f9,main,AutoClaw/06_REPORTS,Stage 1/1.1/2 verified workspace,no,,,imports/autoclaw-natural-math-workspace/06_REPORTS/integer_runner_spec_gap_audit.md,IMPORT,Verified AutoClaw workspace preserved through history-preserving subtree import.,
C:\_MASTER_LIBRARY\06_AUTOCLAW_WORKSPACE\06_REPORTS\natural_math_code_reuse_recommendation.md,C:\_MASTER_LIBRARY\06_AUTOCLAW_WORKSPACE,AutoClaw,natural_math_code_reuse_recommendation.md,md,5017,2CD0C9DE9733020373A7BCCDE651EBC9EBC893B01920921433C07A063A4A84C1,ef0d0b6b0ae1fea0f035fc2a36bffe75f86306f9,main,AutoClaw/06_REPORTS,Stage 1/1.1/2 verified workspace,no,,,imports/autoclaw-natural-math-workspace/06_REPORTS/natural_math_code_reuse_recommendation.md,IMPORT,Verified AutoClaw workspace preserved through history-preserving subtree import.,
C:\_MASTER_LIBRARY\06_AUTOCLAW_WORKSPACE\06_REPORTS\natural_math_version_lineage.md,C:\_MASTER_LIBRARY\06_AUTOCLAW_WORKSPACE,AutoClaw,natural_math_version_lineage.md,md,4822,F3F869B9C2CE499CD360EE0628B57F846CA0B38B9DBB7A6C75A61CE292C40C58,ef0d0b6b0ae1fea0f035fc2a36bffe75f86306f9,main,AutoClaw/06_REPORTS,Stage 1/1.1/2 verified workspace,no,,,imports/autoclaw-natural-math-workspace/06_REPORTS/natural_math_version_lineage.md,IMPORT,Verified AutoClaw workspace preserved through history-preserving subtree import.,
C:\_MASTER_LIBRARY\06_AUTOCLAW_WORKSPACE\06_REPORTS\proposed_baby_ai_build_map.md,C:\_MASTER_LIBRARY\06_AUTOCLAW_WORKSPACE,AutoClaw,proposed_baby_ai_build_map.md,md,9479,C4927ADB7385456E7F9A5E6E111E49D905022F9C69BFADA44EEB06D583632BFB,ef0d0b6b0ae1fea0f035fc2a36bffe75f86306f9,main,AutoClaw/06_REPORTS,Stage 1/1.1/2 verified workspace,no,,,imports/autoclaw-natural-math-workspace/06_REPORTS/proposed_baby_ai_build_map.md,IMPORT,Verified AutoClaw workspace preserved through history-preserving subtree import.,
C:\_MASTER_LIBRARY\06_AUTOCLAW_WORKSPACE\06_REPORTS\stage_0_correction_addendum.md,C:\_MASTER_LIBRARY\06_AUTOCLAW_WORKSPACE,AutoClaw,stage_0_correction_addendum.md,md,3568,9C4039E52906809F9C262E4BF76295CF9CDD02C27EB43F73FD032AA7731148D2,ef0d0b6b0ae1fea0f035fc2a36bffe75f86306f9,main,AutoClaw/06_REPORTS,Stage 1/1.1/2 verified workspace,no,,,imports/autoclaw-natural-math-workspace/06_REPORTS/stage_0_correction_addendum.md,IMPORT,Verified AutoClaw workspace preserved through history-preserving subtree import.,
C:\_MASTER_LIBRARY\06_AUTOCLAW_WORKSPACE\06_REPORTS\stage_1_1_parameter_constraint_matrix.md,C:\_MASTER_LIBRARY\06_AUTOCLAW_WORKSPACE,AutoClaw,stage_1_1_parameter_constraint_matrix.md,md,4447,0E7E97B38AF51ECCF7F656203C0D2C36A6F6D9506931758470835221F2110767,ef0d0b6b0ae1fea0f035fc2a36bffe75f86306f9,main,AutoClaw/06_REPORTS,Stage 1/1.1/2 verified workspace,no,,,imports/autoclaw-natural-math-workspace/06_REPORTS/stage_1_1_parameter_constraint_matrix.md,IMPORT,Verified AutoClaw workspace preserved through history-preserving subtree import.,
C:\_MASTER_LIBRARY\06_AUTOCLAW_WORKSPACE\06_REPORTS\stage_1_execution_plan.md,C:\_MASTER_LIBRARY\06_AUTOCLAW_WORKSPACE,AutoClaw,stage_1_execution_plan.md,md,11573,1978C4AC96ACD8FD2B194578C1580B4050290F980009F7269262282C24EA9A13,ef0d0b6b0ae1fea0f035fc2a36bffe75f86306f9,main,AutoClaw/06_REPORTS,Stage 1/1.1/2 verified workspace,no,,,imports/autoclaw-natural-math-workspace/06_REPORTS/stage_1_execution_plan.md,IMPORT,Verified AutoClaw workspace preserved through history-preserving subtree import.,
C:\_MASTER_LIBRARY\06_AUTOCLAW_WORKSPACE\06_REPORTS\stage_1_phase_order_audit.md,C:\_MASTER_LIBRARY\06_AUTOCLAW_WORKSPACE,AutoClaw,stage_1_phase_order_audit.md,md,5272,571064731E8B9169FB926ED0DD0611026B4E1440F3F6D0D0CF4B799119DD9E11,ef0d0b6b0ae1fea0f035fc2a36bffe75f86306f9,main,AutoClaw/06_REPORTS,Stage 1/1.1/2 verified workspace,no,,,imports/autoclaw-natural-math-workspace/06_REPORTS/stage_1_phase_order_audit.md,IMPORT,Verified AutoClaw workspace preserved through history-preserving subtree import.,
C:\_MASTER_LIBRARY\06_AUTOCLAW_WORKSPACE\06_REPORTS\stage_1_remaining_ambiguities.md,C:\_MASTER_LIBRARY\06_AUTOCLAW_WORKSPACE,AutoClaw,stage_1_remaining_ambiguities.md,md,2555,3B9C9A71473CE91332273A86C6BFBE475D5ED4512A89FCD5BB8ECBE64612886E,ef0d0b6b0ae1fea0f035fc2a36bffe75f86306f9,main,AutoClaw/06_REPORTS,Stage 1/1.1/2 verified workspace,no,,,imports/autoclaw-natural-math-workspace/06_REPORTS/stage_1_remaining_ambiguities.md,IMPORT,Verified AutoClaw workspace preserved through history-preserving subtree import.,
C:\_MASTER_LIBRARY\06_AUTOCLAW_WORKSPACE\06_REPORTS\stage_2_baseline_freeze_record.md,C:\_MASTER_LIBRARY\06_AUTOCLAW_WORKSPACE,AutoClaw,stage_2_baseline_freeze_record.md,md,1069,8E734D20A2DDD6825737FA19FBA757D03D892EFFBC7F22E24463A0AFA4D9CF42,ef0d0b6b0ae1fea0f035fc2a36bffe75f86306f9,main,AutoClaw/06_REPORTS,Stage 1/1.1/2 verified workspace,no,,,imports/autoclaw-natural-math-workspace/06_REPORTS/stage_2_baseline_freeze_record.md,IMPORT,Verified AutoClaw workspace preserved through history-preserving subtree import.,
C:\_MASTER_LIBRARY\06_AUTOCLAW_WORKSPACE\06_REPORTS\stage_2_completion.md,C:\_MASTER_LIBRARY\06_AUTOCLAW_WORKSPACE,AutoClaw,stage_2_completion.md,md,9663,9453818B9F6B3B8C54884B3D0CAECB98559020B0073B27F553FC2F15C09D5C33,ef0d0b6b0ae1fea0f035fc2a36bffe75f86306f9,main,AutoClaw/06_REPORTS,Stage 1/1.1/2 verified workspace,no,,,imports/autoclaw-natural-math-workspace/06_REPORTS/stage_2_completion.md,IMPORT,Verified AutoClaw workspace preserved through history-preserving subtree import.,
C:\_MASTER_LIBRARY\06_AUTOCLAW_WORKSPACE\06_REPORTS\stage_2_performance_report.md,C:\_MASTER_LIBRARY\06_AUTOCLAW_WORKSPACE,AutoClaw,stage_2_performance_report.md,md,1170,B65C09D86BB90E4A576A7AA60FBB2B8E3E9DDA5426CE4062CCE14B5A7FFA156D,ef0d0b6b0ae1fea0f035fc2a36bffe75f86306f9,main,AutoClaw/06_REPORTS,Stage 1/1.1/2 verified workspace,no,,,imports/autoclaw-natural-math-workspace/06_REPORTS/stage_2_performance_report.md,IMPORT,Verified AutoClaw workspace preserved through history-preserving subtree import.,
C:\_MASTER_LIBRARY\06_AUTOCLAW_WORKSPACE\06_REPORTS\symLan_construction_A_plus_inventory.md,C:\_MASTER_LIBRARY\06_AUTOCLAW_WORKSPACE,AutoClaw,symLan_construction_A_plus_inventory.md,md,5676,D632ACD1CCA7E5C6871FC3B8A2B8C8A51CBDFAE6287B060DFEE60D55F9115283,ef0d0b6b0ae1fea0f035fc2a36bffe75f86306f9,main,AutoClaw/06_REPORTS,Stage 1/1.1/2 verified workspace,no,,,imports/autoclaw-natural-math-workspace/06_REPORTS/symLan_construction_A_plus_inventory.md,IMPORT,Verified AutoClaw workspace preserved through history-preserving subtree import.,
C:\_MASTER_LIBRARY\06_AUTOCLAW_WORKSPACE\06_REPORTS\v3_6_vs_v5_rule_crosswalk.csv,C:\_MASTER_LIBRARY\06_AUTOCLAW_WORKSPACE,AutoClaw,v3_6_vs_v5_rule_crosswalk.csv,csv,14530,0B78541F964088FD569857BDEC3BB6319BA09B7CE06B035B2C99D0035746EE25,ef0d0b6b0ae1fea0f035fc2a36bffe75f86306f9,main,AutoClaw/06_REPORTS,Stage 1/1.1/2 verified workspace,no,,,imports/autoclaw-natural-math-workspace/06_REPORTS/v3_6_vs_v5_rule_crosswalk.csv,IMPORT,Verified AutoClaw workspace preserved through history-preserving subtree import.,
C:\_MASTER_LIBRARY\06_AUTOCLAW_WORKSPACE\06_REPORTS\v3_6_vs_v5_test_crosswalk.md,C:\_MASTER_LIBRARY\06_AUTOCLAW_WORKSPACE,AutoClaw,v3_6_vs_v5_test_crosswalk.md,md,4817,DC65A9A83591701A0AC5CD18729BB8E535419D208ADBDB2E3393EA62075301B2,ef0d0b6b0ae1fea0f035fc2a36bffe75f86306f9,main,AutoClaw/06_REPORTS,Stage 1/1.1/2 verified workspace,no,,,imports/autoclaw-natural-math-workspace/06_REPORTS/v3_6_vs_v5_test_crosswalk.md,IMPORT,Verified AutoClaw workspace preserved through history-preserving subtree import.,
C:\_MASTER_LIBRARY\06_AUTOCLAW_WORKSPACE\06_REPORTS\v5_implementation_donor_matrix.csv,C:\_MASTER_LIBRARY\06_AUTOCLAW_WORKSPACE,AutoClaw,v5_implementation_donor_matrix.csv,csv,1935,88DE785AB966CD6480DAF6BFA752AE003489E8AF8EF38AEE41F9AAE69B2C06EE,ef0d0b6b0ae1fea0f035fc2a36bffe75f86306f9,main,AutoClaw/06_REPORTS,Stage 1/1.1/2 verified workspace,no,,,imports/autoclaw-natural-math-workspace/06_REPORTS/v5_implementation_donor_matrix.csv,IMPORT,Verified AutoClaw workspace preserved through history-preserving subtree import.,
C:\_MASTER_LIBRARY\06_AUTOCLAW_WORKSPACE\08_BUILD_LOGS\commands.log,C:\_MASTER_LIBRARY\06_AUTOCLAW_WORKSPACE,AutoClaw,commands.log,log,1798,90F7258003267BAE6397DEFA513547837DCE0BA2DE8D83B7611FF2FEF4A74FA4,ef0d0b6b0ae1fea0f035fc2a36bffe75f86306f9,main,AutoClaw/08_BUILD_LOGS,Stage 1/1.1/2 verified workspace,no,,,imports/autoclaw-natural-math-workspace/08_BUILD_LOGS/commands.log,IMPORT,Verified AutoClaw workspace preserved through history-preserving subtree import.,
C:\_MASTER_LIBRARY\06_AUTOCLAW_WORKSPACE\08_BUILD_LOGS\decisions.md,C:\_MASTER_LIBRARY\06_AUTOCLAW_WORKSPACE,AutoClaw,decisions.md,md,4859,D0B9E8A6DDB3439E6C4866B2B370452FBA0051F294ACC5D53876B56730A5A882,ef0d0b6b0ae1fea0f035fc2a36bffe75f86306f9,main,AutoClaw/08_BUILD_LOGS,Stage 1/1.1/2 verified workspace,no,,,imports/autoclaw-natural-math-workspace/08_BUILD_LOGS/decisions.md,IMPORT,Verified AutoClaw workspace preserved through history-preserving subtree import.,
C:\_MASTER_LIBRARY\06_AUTOCLAW_WORKSPACE\08_BUILD_LOGS\deviations.md,C:\_MASTER_LIBRARY\06_AUTOCLAW_WORKSPACE,AutoClaw,deviations.md,md,4281,D2E7BDC0E151325FF1448D045E9DFDDEF622F788419758D1B94EF5DA62E80CBA,ef0d0b6b0ae1fea0f035fc2a36bffe75f86306f9,main,AutoClaw/08_BUILD_LOGS,Stage 1/1.1/2 verified workspace,no,,,imports/autoclaw-natural-math-workspace/08_BUILD_LOGS/deviations.md,IMPORT,Verified AutoClaw workspace preserved through history-preserving subtree import.,
C:\_MASTER_LIBRARY\06_AUTOCLAW_WORKSPACE\STAGE_1_1_REVIEW_MANIFEST.sha256,C:\_MASTER_LIBRARY\06_AUTOCLAW_WORKSPACE,AutoClaw,STAGE_1_1_REVIEW_MANIFEST.sha256,sha256,969,6BE58D02E01348E3B1D1F3B367E01C7CBAC48A934E6E24D5D657239F57320C64,ef0d0b6b0ae1fea0f035fc2a36bffe75f86306f9,main,AutoClaw/STAGE_1_1_REVIEW_MANIFEST.sha256,Stage 1/1.1/2 verified workspace,no,,,imports/autoclaw-natural-math-workspace/STAGE_1_1_REVIEW_MANIFEST.sha256,IMPORT,Verified AutoClaw workspace preserved through history-preserving subtree import.,
C:\_MASTER_LIBRARY\06_AUTOCLAW_WORKSPACE\STAGE_1_REVIEW_MANIFEST.md,C:\_MASTER_LIBRARY\06_AUTOCLAW_WORKSPACE,AutoClaw,STAGE_1_REVIEW_MANIFEST.md,md,1912,CEEE56D30B2323A67AFECFA7E8C57A7B485CE73EDC8CCAD0349A1A73BDE1E46A,ef0d0b6b0ae1fea0f035fc2a36bffe75f86306f9,main,AutoClaw/STAGE_1_REVIEW_MANIFEST.md,Stage 1/1.1/2 verified workspace,no,,,imports/autoclaw-natural-math-workspace/STAGE_1_REVIEW_MANIFEST.md,IMPORT,Verified AutoClaw workspace preserved through history-preserving subtree import.,
C:\_MASTER_LIBRARY\06_AUTOCLAW_WORKSPACE\_check_json.py,C:\_MASTER_LIBRARY\06_AUTOCLAW_WORKSPACE,AutoClaw,_check_json.py,py,521,8B784347A6FE0BF181DFDA97839B02AC2FF047745DA7757C1AC03E69356757F3,ef0d0b6b0ae1fea0f035fc2a36bffe75f86306f9,main,AutoClaw/_check_json.py,Stage 1/1.1/2 verified workspace,no,,,imports/autoclaw-natural-math-workspace/_check_json.py,IMPORT,Verified AutoClaw workspace preserved through history-preserving subtree import.,
C:\_MASTER_LIBRARY\06_AUTOCLAW_WORKSPACE\_fix_batch1.py,C:\_MASTER_LIBRARY\06_AUTOCLAW_WORKSPACE,AutoClaw,_fix_batch1.py,py,7251,977A65110E92711A6FC9AF3513E77F56D15EE567506CBA2594BC37DC9DC83112,ef0d0b6b0ae1fea0f035fc2a36bffe75f86306f9,main,AutoClaw/_fix_batch1.py,Stage 1/1.1/2 verified workspace,no,,,imports/autoclaw-natural-math-workspace/_fix_batch1.py,IMPORT,Verified AutoClaw workspace preserved through history-preserving subtree import.,
C:\_MASTER_LIBRARY\06_AUTOCLAW_WORKSPACE\_fix_runner.py,C:\_MASTER_LIBRARY\06_AUTOCLAW_WORKSPACE,AutoClaw,_fix_runner.py,py,1677,CA5B3B882976B999A11FE6B2B8D2743E0CDDE4E577C80B758490E858751A80F9,ef0d0b6b0ae1fea0f035fc2a36bffe75f86306f9,main,AutoClaw/_fix_runner.py,Stage 1/1.1/2 verified workspace,no,,,imports/autoclaw-natural-math-workspace/_fix_runner.py,IMPORT,Verified AutoClaw workspace preserved through history-preserving subtree import.,
C:\_MASTER_LIBRARY\06_AUTOCLAW_WORKSPACE\_inspect_fixtures.py,C:\_MASTER_LIBRARY\06_AUTOCLAW_WORKSPACE,AutoClaw,_inspect_fixtures.py,py,1076,9610BEF3D1C57EFE91348409881E989C71071572A0793474EC2D438AB3A4060C,ef0d0b6b0ae1fea0f035fc2a36bffe75f86306f9,main,AutoClaw/_inspect_fixtures.py,Stage 1/1.1/2 verified workspace,no,,,imports/autoclaw-natural-math-workspace/_inspect_fixtures.py,IMPORT,Verified AutoClaw workspace preserved through history-preserving subtree import.,
C:\_MASTER_LIBRARY\06_AUTOCLAW_WORKSPACE\_mkdirs.py,C:\_MASTER_LIBRARY\06_AUTOCLAW_WORKSPACE,AutoClaw,_mkdirs.py,py,243,ACE99D56C09B83F4479D09F4208F4AD1CECBEF9DA55315B08E136009B16DC383,ef0d0b6b0ae1fea0f035fc2a36bffe75f86306f9,main,AutoClaw/_mkdirs.py,Stage 1/1.1/2 verified workspace,no,,,imports/autoclaw-natural-math-workspace/_mkdirs.py,IMPORT,Verified AutoClaw workspace preserved through history-preserving subtree import.,
C:\_MASTER_LIBRARY\06_AUTOCLAW_WORKSPACE\_run_all.py,C:\_MASTER_LIBRARY\06_AUTOCLAW_WORKSPACE,AutoClaw,_run_all.py,py,3906,8EDACC9882AB8599642E5EF8D5D5027A843B4E10977D476772FE863C10C8E2C9,ef0d0b6b0ae1fea0f035fc2a36bffe75f86306f9,main,AutoClaw/_run_all.py,Stage 1/1.1/2 verified workspace,no,,,imports/autoclaw-natural-math-workspace/_run_all.py,IMPORT,Verified AutoClaw workspace preserved through history-preserving subtree import.,
C:\_MASTER_LIBRARY\06_AUTOCLAW_WORKSPACE\_smoke_params.py,C:\_MASTER_LIBRARY\06_AUTOCLAW_WORKSPACE,AutoClaw,_smoke_params.py,py,1717,240884BD76733AFEBFB5BE8CB1BE8D5D9A87CCF78D2F99D20D681F7A10920A6C,ef0d0b6b0ae1fea0f035fc2a36bffe75f86306f9,main,AutoClaw/_smoke_params.py,Stage 1/1.1/2 verified workspace,no,,,imports/autoclaw-natural-math-workspace/_smoke_params.py,IMPORT,Verified AutoClaw workspace preserved through history-preserving subtree import.,
C:\_MASTER_LIBRARY\06_AUTOCLAW_WORKSPACE\_stage1_runner.py,C:\_MASTER_LIBRARY\06_AUTOCLAW_WORKSPACE,AutoClaw,_stage1_runner.py,py,20310,659BDB6C1953F8F9DA588E94E1A22E0856430752F7D7ADCD7EBE543164707291,ef0d0b6b0ae1fea0f035fc2a36bffe75f86306f9,main,AutoClaw/_stage1_runner.py,Stage 1/1.1/2 verified workspace,yes,imports/autoclaw-natural-math-workspace/_stage1_runner.py,identical,imports/autoclaw-natural-math-workspace/_stage1_runner.py,IMPORT,Verified AutoClaw workspace preserved through history-preserving subtree import.,
C:\_MASTER_LIBRARY\06_AUTOCLAW_WORKSPACE\_stage2_oracle_runner.py,C:\_MASTER_LIBRARY\06_AUTOCLAW_WORKSPACE,AutoClaw,_stage2_oracle_runner.py,py,26901,AC1A234E475E3D9DFAC67B786AF91E2E54215971D70467879060C7E5825C933C,ef0d0b6b0ae1fea0f035fc2a36bffe75f86306f9,main,AutoClaw/_stage2_oracle_runner.py,Stage 1/1.1/2 verified workspace,no,,,imports/autoclaw-natural-math-workspace/_stage2_oracle_runner.py,IMPORT,Verified AutoClaw workspace preserved through history-preserving subtree import.,
C:\_MASTER_LIBRARY\06_AUTOCLAW_WORKSPACE\_stage2_perf.py,C:\_MASTER_LIBRARY\06_AUTOCLAW_WORKSPACE,AutoClaw,_stage2_perf.py,py,4496,2C348F0F4AC2D2BD999E52DAF1A7E7E9AA76BBF16961C9CD94FF62369A9A99A7,ef0d0b6b0ae1fea0f035fc2a36bffe75f86306f9,main,AutoClaw/_stage2_perf.py,Stage 1/1.1/2 verified workspace,no,,,imports/autoclaw-natural-math-workspace/_stage2_perf.py,IMPORT,Verified AutoClaw workspace preserved through history-preserving subtree import.,
C:\_MASTER_LIBRARY\06_AUTOCLAW_WORKSPACE\_test_oracles.py,C:\_MASTER_LIBRARY\06_AUTOCLAW_WORKSPACE,AutoClaw,_test_oracles.py,py,2289,61868EE41C658C9CD129442E9AE01CBFB2FDF94D46A33B6AF2188CDA03ED26EA,ef0d0b6b0ae1fea0f035fc2a36bffe75f86306f9,main,AutoClaw/_test_oracles.py,Stage 1/1.1/2 verified workspace,no,,,imports/autoclaw-natural-math-workspace/_test_oracles.py,IMPORT,Verified AutoClaw workspace preserved through history-preserving subtree import.,
C:\_MASTER_LIBRARY\06_AUTOCLAW_WORKSPACE\_tmp_test.py,C:\_MASTER_LIBRARY\06_AUTOCLAW_WORKSPACE,AutoClaw,_tmp_test.py,py,840,DB0D8D2DE4932589CC3FE5FE50E7D461564A51628043A928DA2BB9707AE77AB3,ef0d0b6b0ae1fea0f035fc2a36bffe75f86306f9,main,AutoClaw/_tmp_test.py,Stage 1/1.1/2 verified workspace,no,,,imports/autoclaw-natural-math-workspace/_tmp_test.py,IMPORT,Verified AutoClaw workspace preserved through history-preserving subtree import.,
C:\_MASTER_LIBRARY\06_AUTOCLAW_WORKSPACE\_verify_harness.py,C:\_MASTER_LIBRARY\06_AUTOCLAW_WORKSPACE,AutoClaw,_verify_harness.py,py,6830,E0E408E12A960D24F5AB24F5BCBBDF94C3E5DE58C201D4DF99D4BE50D853E1C0,ef0d0b6b0ae1fea0f035fc2a36bffe75f86306f9,main,AutoClaw/_verify_harness.py,Stage 1/1.1/2 verified workspace,no,,,imports/autoclaw-natural-math-workspace/_verify_harness.py,IMPORT,Verified AutoClaw workspace preserved through history-preserving subtree import.,
C:\_MASTER_LIBRARY\06_AUTOCLAW_WORKSPACE\_verify_tests.py,C:\_MASTER_LIBRARY\06_AUTOCLAW_WORKSPACE,AutoClaw,_verify_tests.py,py,10768,74EAB7075D7B512DCBA9745D449721A4D689B768784F73132A2DA13329DAACA7,ef0d0b6b0ae1fea0f035fc2a36bffe75f86306f9,main,AutoClaw/_verify_tests.py,Stage 1/1.1/2 verified workspace,no,,,imports/autoclaw-natural-math-workspace/_verify_tests.py,IMPORT,Verified AutoClaw workspace preserved through history-preserving subtree import.,
C:\_MASTER_LIBRARY\06_AUTOCLAW_WORKSPACE\natural_math_v5_stage_1_1_review.zip,C:\_MASTER_LIBRARY\06_AUTOCLAW_WORKSPACE,AutoClaw,natural_math_v5_stage_1_1_review.zip,zip,334583,C6E413496CBA246E910C3604FBB1CCCE82BAF9BBB39E106C6BCBEA464CF580CA,ef0d0b6b0ae1fea0f035fc2a36bffe75f86306f9,main,AutoClaw/natural_math_v5_stage_1_1_review.zip,Stage 1/1.1/2 verified workspace,yes,imports/autoclaw-natural-math-workspace/natural_math_v5_stage_1_1_review.zip,identical,imports/autoclaw-natural-math-workspace/natural_math_v5_stage_1_1_review.zip,IMPORT,Verified AutoClaw workspace preserved through history-preserving subtree import.,
C:\_MASTER_LIBRARY_Handoff\AUTOCLAW_HANDOFF_AUDIT.md,C:\_MASTER_LIBRARY_Handoff,AutoClaw,AUTOCLAW_HANDOFF_AUDIT.md,md,4414,73B806FFD9FF8D6CAEC4790E69A7B9A847A45F3BC5237C0F7E574F102EBB2497,,,AutoClaw handoff,Historical evidence,no,,,docs/provenance/autoclaw/AUTOCLAW_HANDOFF_AUDIT.md,HISTORICAL EVIDENCE,External AutoClaw handoff evidence preserved for provenance.,
C:\_MASTER_LIBRARY_Handoff\AUTOCLAW_STAGE_STATUS.md,C:\_MASTER_LIBRARY_Handoff,AutoClaw,AUTOCLAW_STAGE_STATUS.md,md,971,C31A178DAEF8D768B4005C08D018D73D26CF5E2F11348D8DA7652F71CF038DAA,,,AutoClaw handoff,Historical evidence,no,,,docs/provenance/autoclaw/AUTOCLAW_STAGE_STATUS.md,HISTORICAL EVIDENCE,External AutoClaw handoff evidence preserved for provenance.,
C:\_MASTER_LIBRARY_Handoff\AUTOCLAW_TEST_RESULTS.md,C:\_MASTER_LIBRARY_Handoff,AutoClaw,AUTOCLAW_TEST_RESULTS.md,md,1399,69A015EE522C304626DA901FD4EE520467BE188F29E2E78C1F2839B3343B23E0,,,AutoClaw handoff,Historical evidence,no,,,docs/provenance/autoclaw/AUTOCLAW_TEST_RESULTS.md,HISTORICAL EVIDENCE,External AutoClaw handoff evidence preserved for provenance.,
C:\_MASTER_LIBRARY_Handoff\AUTOCLAW_GIT_HISTORY.txt,C:\_MASTER_LIBRARY_Handoff,AutoClaw,AUTOCLAW_GIT_HISTORY.txt,txt,1009,23C9C98B5C3A9A7D1F4F60BA38FAF58746AD81DAAE9EF775953A8D0D84B61245,,,AutoClaw handoff,Historical evidence,no,,,docs/provenance/autoclaw/AUTOCLAW_GIT_HISTORY.txt,HISTORICAL EVIDENCE,External AutoClaw handoff evidence preserved for provenance.,
C:\_MASTER_LIBRARY_Handoff\AUTOCLAW_FILE_MANIFEST.csv,C:\_MASTER_LIBRARY_Handoff,AutoClaw,AUTOCLAW_FILE_MANIFEST.csv,csv,49573,E54A08DFAA741F45A91B0F9B820390DE652A3F525853A4E2E05A98DD41A30687,,,AutoClaw handoff,Historical evidence,no,,,docs/provenance/autoclaw/AUTOCLAW_FILE_MANIFEST.csv,HISTORICAL EVIDENCE,External AutoClaw handoff evidence preserved for provenance.,
C:\_MASTER_LIBRARY_Handoff\AUTOCLAW_SHA256_MANIFEST.txt,C:\_MASTER_LIBRARY_Handoff,AutoClaw,AUTOCLAW_SHA256_MANIFEST.txt,txt,48034,BA5104801EB91653B4C179156BEAFF6617E5F21259154D91564644C4604C833A,,,AutoClaw handoff,Historical evidence,no,,,docs/provenance/autoclaw/AUTOCLAW_SHA256_MANIFEST.txt,HISTORICAL EVIDENCE,External AutoClaw handoff evidence preserved for provenance.,
C:\_MASTER_LIBRARY_Handoff\AUTOCLAW_TOP_LEVEL_ARTIFACT_CLASSIFICATION.md,C:\_MASTER_LIBRARY_Handoff,AutoClaw,AUTOCLAW_TOP_LEVEL_ARTIFACT_CLASSIFICATION.md,md,1874,CB44F79AA34243AC3FE854DAD467F34360C2D7AB820653AC37645ADF6A59981C,,,AutoClaw handoff,Historical evidence,no,,,docs/provenance/autoclaw/AUTOCLAW_TOP_LEVEL_ARTIFACT_CLASSIFICATION.md,HISTORICAL EVIDENCE,External AutoClaw handoff evidence preserved for provenance.,
C:\_MASTER_LIBRARY_Handoff\AUTOCLAW_KNOWN_STALE_REPORTS.md,C:\_MASTER_LIBRARY_Handoff,AutoClaw,AUTOCLAW_KNOWN_STALE_REPORTS.md,md,964,D8F4115C6F2A1CB1B713EACD67B953DA30C49C2BBEF886134081E01E03D6A521,,,AutoClaw handoff,Historical evidence,no,,,docs/provenance/autoclaw/AUTOCLAW_KNOWN_STALE_REPORTS.md,HISTORICAL EVIDENCE,External AutoClaw handoff evidence preserved for provenance.,
C:\_MASTER_LIBRARY_Handoff\AUTOCLAW_CONTINUATION_START_POINT.md,C:\_MASTER_LIBRARY_Handoff,AutoClaw,AUTOCLAW_CONTINUATION_START_POINT.md,md,2725,3D1EAD99CD1B20F1873167904B97AB1D00C52302FA43D5029358C82596557E7F,,,AutoClaw handoff,Historical evidence,no,,,docs/provenance/autoclaw/AUTOCLAW_CONTINUATION_START_POINT.md,HISTORICAL EVIDENCE,External AutoClaw handoff evidence preserved for provenance.,
C:\_MASTER_LIBRARY_Handoff\AUTOCLAW_COMPLETION_RECEIPT.json,C:\_MASTER_LIBRARY_Handoff,AutoClaw,AUTOCLAW_COMPLETION_RECEIPT.json,json,2344,7FC1E25EB3CD8AF884A278513DC7F0BF0DBF44E5C4924A53820B1D9F16DDBC25,,,AutoClaw handoff,Historical evidence,no,,,docs/provenance/autoclaw/AUTOCLAW_COMPLETION_RECEIPT.json,HISTORICAL EVIDENCE,External AutoClaw handoff evidence preserved for provenance.,
C:\_MASTER_LIBRARY_Handoff\run_autoclaw_audit.py,C:\_MASTER_LIBRARY_Handoff,AutoClaw,run_autoclaw_audit.py,py,36239,4BC3982365FF7CC7FBB0DF100220EBE8AB9DF79A533219E67FE29BD2CDDCC8F4,,,AutoClaw handoff,Historical evidence,no,,,docs/provenance/autoclaw/run_autoclaw_audit.py,HISTORICAL EVIDENCE,External AutoClaw handoff evidence preserved for provenance.,
C:\_MASTER_LIBRARY_Handoff\autoclaw_workspace_handoff.zip,C:\_MASTER_LIBRARY_Handoff,AutoClaw,autoclaw_workspace_handoff.zip,zip,1509116,758F59126E14743ADEEF9DC0097043F891AA239774DF185C950D03FA7688198C,,,AutoClaw handoff,Historical evidence,no,,,release-asset-only,HISTORICAL EVIDENCE,Do not duplicate zip contents in git history when extracted files and preserved Git history are imported separately.,"Archive should be referenced by checksum and, if desired, attached to a draft archival release."
C:\Users\moop\Downloads\Grok\intake-deploy\worker.js,C:\Users\moop\Downloads\Grok\intake-deploy,Grok,worker.js,js,3972,1C5FE074F206C14B5B259F1BC07AADB9ADEC7950E4D21D54A41C7AD842839595,,,Guardian Intake / EphUX,Prototype implementation,no,,,imports/grok-guardian-intake/worker.js,IMPORT,Concrete Grok-produced Guardian Intake worker not currently present in the destination repository.,
C:\Users\moop\Downloads\Grok\intake-deploy\wrangler.toml,C:\Users\moop\Downloads\Grok\intake-deploy,Grok,wrangler.toml,toml,174,E1B9D04DF3E625E708B4CF456AD282A4556A033897B2058183C12AB714BB33DD,,,Guardian Intake / EphUX,Prototype implementation,no,,,imports/grok-guardian-intake/wrangler.toml,IMPORT,Concrete Grok-produced Guardian Intake worker not currently present in the destination repository.,
C:\Users\moop\Downloads\Grok\ALL_TOKENS_KEYS_FOR_GROK.txt,C:\Users\moop\Downloads\Grok,Grok,ALL_TOKENS_KEYS_FOR_GROK.txt,txt,1202,C9E3521A734499726C13E75EEF76F5688C65A95B7502796649E0F0B88DBFB163,,,Secrets,Excluded,no,,,,EXCLUDE - SECRET,Contains tokens/keys and must never be uploaded.,
C:\Users\moop\FractalishBuild\fractalish-ai\README.md,C:\Users\moop\FractalishBuild\fractalish-ai,Grok Build,README.md,md,7451,171EEEC74CB4912AA8E617CAC553167C166DF6D52A9DBBC2FB7164C37DA0B95B,,,Fractalish AI snapshot,Historical evidence snapshot,no,,,evidence/grok/fractalish-ai/README.md,IMPORT,Standalone report/evidence artifact from Grok Build snapshot; preserves missing project history without importing overlapping code trees blindly.,
C:\Users\moop\FractalishBuild\fractalish-ai\FINAL_BUILD_REPORT.md,C:\Users\moop\FractalishBuild\fractalish-ai,Grok Build,FINAL_BUILD_REPORT.md,md,5153,4C3BAD48ABE088BF19978D3B280DB4187E0408261218F09CA7FF5E593A03D379,,,Fractalish AI snapshot,Historical evidence snapshot,no,,,evidence/grok/fractalish-ai/FINAL_BUILD_REPORT.md,IMPORT,Standalone report/evidence artifact from Grok Build snapshot; preserves missing project history without importing overlapping code trees blindly.,
C:\Users\moop\FractalishBuild\fractalish-ai\EVOLUTION_PRIZE_COMPLETE_REPORT.md,C:\Users\moop\FractalishBuild\fractalish-ai,Grok Build,EVOLUTION_PRIZE_COMPLETE_REPORT.md,md,13334,73D9EB51313506C261C4F1203D6AF02A17D8AB2FBA31F9526F6A27880504FACA,,,Fractalish AI snapshot,Historical evidence snapshot,no,,,evidence/grok/fractalish-ai/EVOLUTION_PRIZE_COMPLETE_REPORT.md,IMPORT,Standalone report/evidence artifact from Grok Build snapshot; preserves missing project history without importing overlapping code trees blindly.,
C:\Users\moop\FractalishBuild\fractalish-ai\FRACTALISH_MORPHOLOGICAL_LANGUAGE_BUILD_REPORT.md,C:\Users\moop\FractalishBuild\fractalish-ai,Grok Build,FRACTALISH_MORPHOLOGICAL_LANGUAGE_BUILD_REPORT.md,md,7024,EC0DFE49C334F4F18588AD565AF8FA4821A34D6F62834A645E73DBF1103AC6BF,,,Fractalish AI snapshot,Historical evidence snapshot,no,,,evidence/grok/fractalish-ai/FRACTALISH_MORPHOLOGICAL_LANGUAGE_BUILD_REPORT.md,IMPORT,Standalone report/evidence artifact from Grok Build snapshot; preserves missing project history without importing overlapping code trees blindly.,
C:\Users\moop\FractalishBuild\fractalish-ai\evolution_prize_submission.md,C:\Users\moop\FractalishBuild\fractalish-ai,Grok Build,evolution_prize_submission.md,md,892,9F3317CF5D11D48E2122071690867EC8F5814035904E3B01AB9CF235F868CB31,,,Fractalish AI snapshot,Historical evidence snapshot,no,,,evidence/grok/fractalish-ai/evolution_prize_submission.md,IMPORT,Standalone report/evidence artifact from Grok Build snapshot; preserves missing project history without importing overlapping code trees blindly.,
C:\Users\moop\FractalishBuild\fractalish-ai\evolution_prize_submission_packet.json,C:\Users\moop\FractalishBuild\fractalish-ai,Grok Build,evolution_prize_submission_packet.json,json,3724,52434AE7C33B7AC2A65479DADE6A27168EFF58378CE1AF6BC65EEC423C0E9D1B,,,Fractalish AI snapshot,Historical evidence snapshot,no,,,evidence/grok/fractalish-ai/evolution_prize_submission_packet.json,IMPORT,Standalone report/evidence artifact from Grok Build snapshot; preserves missing project history without importing overlapping code trees blindly.,
C:\Users\moop\FractalishBuild\fractalish-ai\benchmark_results.md,C:\Users\moop\FractalishBuild\fractalish-ai,Grok Build,benchmark_results.md,md,766,9B59810213FB319A453A353BCC8912EF2C1FBB41DDDF81AFEF180E4A9E5F6F1C,,,Fractalish AI snapshot,Historical evidence snapshot,no,,,evidence/grok/fractalish-ai/benchmark_results.md,IMPORT,Standalone report/evidence artifact from Grok Build snapshot; preserves missing project history without importing overlapping code trees blindly.,
C:\Users\moop\FractalishBuild\fractalish-ai\benchmark_results.json,C:\Users\moop\FractalishBuild\fractalish-ai,Grok Build,benchmark_results.json,json,3483,14CA2671708CC8EACB9328E234CEF3AF5E5D937CA994F9E99698CCDA7BD1E74B,,,Fractalish AI snapshot,Historical evidence snapshot,no,,,evidence/grok/fractalish-ai/benchmark_results.json,IMPORT,Standalone report/evidence artifact from Grok Build snapshot; preserves missing project history without importing overlapping code trees blindly.,
C:\Users\moop\FractalishBuild\fractalish-ai\guardian_run_trace.json,C:\Users\moop\FractalishBuild\fractalish-ai,Grok Build,guardian_run_trace.json,json,262409,85CEE1940F693DC4147973B3284A4C3163D4D4A5256A108ABE2D92D62B0BE280,,,Fractalish AI snapshot,Historical evidence snapshot,no,,,evidence/grok/fractalish-ai/guardian_run_trace.json,IMPORT,Standalone report/evidence artifact from Grok Build snapshot; preserves missing project history without importing overlapping code trees blindly.,
C:\Users\moop\FractalishBuild\fractalish-ai,C:\Users\moop\FractalishBuild\fractalish-ai,Grok Build,fractalish-ai,directory snapshot,203946508,,,,Fractalish AI snapshot,Large overlapping prototype tree,no,,conflicting,,CONFLICT - REVIEW REQUIRED,Large source snapshot lacks local Git provenance and overlaps heavily with existing platform modules; only selected reports/evidence are imported in this tranche.,
C:\Users\moop\Downloads\Articles on X.com\Natural Math\z.ai.nm-ai-prompt.txt,C:\Users\moop\Downloads\Articles on X.com\Natural Math,Z.ai,z.ai.nm-ai-prompt.txt,txt,11220,99C51DA6D676513CEA2E734FFF4DB45A8460A1397996EB49B6ECA589AD9F9C70,,,Natural Math / developmental runtime planning,Historical research/spec artifact,no,,,docs/provenance/zai/z.ai.nm-ai-prompt.txt,HISTORICAL EVIDENCE,Project-relevant authored artifact preserved as evidence/specification rather than active implementation.,
C:\Users\moop\Downloads\Z.ai AutoClaw Library Curation.docx,C:\Users\moop\Downloads,Z.ai,Z.ai AutoClaw Library Curation.docx,docx,19664,CEF329B7A5BF55722C3041A9BB0BC17084918016C59BDF5B917224B3421C4FC1,,,AutoClaw library curation,Historical research/spec artifact,no,,,docs/provenance/zai/Z.ai AutoClaw Library Curation.docx,HISTORICAL EVIDENCE,Project-relevant authored artifact preserved as evidence/specification rather than active implementation.,
C:\Users\moop\Downloads\Articles on X.com\Kimi SGTM Research report.md,C:\Users\moop\Downloads\Articles on X.com,Kimi,Kimi SGTM Research report.md,md,38550,A5B39845B4727C136E28C9DBBB52AB4665C1DD2F485F16EA4FF9C5BDBCCA46D3,,,Natural Math research,Historical research/spec artifact,no,,,evidence/kimi/Kimi SGTM Research report.md,HISTORICAL EVIDENCE,Project-relevant authored artifact preserved as evidence/specification rather than active implementation.,
C:\Users\moop\Downloads\Articles on X.com\Natural Math\Kimi_Orientation.txt,C:\Users\moop\Downloads\Articles on X.com\Natural Math,Kimi,Kimi_Orientation.txt,txt,16065,E24D2F035095AFCF6EA382F65CAF222AA30F97D9712734C1F52C88A54F230A30,,,Natural Math / BasinLab architecture,Historical research/spec artifact,no,,,evidence/kimi/Kimi_Orientation.txt,HISTORICAL EVIDENCE,Project-relevant authored artifact preserved as evidence/specification rather than active implementation.,
C:\Users\moop\Downloads\Articles on X.com\F R A C T A L I S H - - - A I - - - FRACTALISH-AI\Kimi_Signal_Jamming_Morphology_Hypothesis.csv,C:\Users\moop\Downloads\Articles on X.com\F R A C T A L I S H - - - A I - - - FRACTALISH-AI,Kimi,Kimi_Signal_Jamming_Morphology_Hypothesis.csv,csv,525,7096942E9912B436E0A22058C966311BFBD3CF1CBE59818471A93DAFAAD5C9BB,,,Fractalish AI morphology research,Historical research/spec artifact,no,,,evidence/kimi/Kimi_Signal_Jamming_Morphology_Hypothesis.csv,HISTORICAL EVIDENCE,Project-relevant authored artifact preserved as evidence/specification rather than active implementation.,
C:\Users\moop\Downloads\z.ai.autoclaw.account.7b3ffc45-ea76-4aee-b822-9d28bb5f572a.usage.pdf,C:\Users\moop\Downloads,Z.ai,z.ai.autoclaw.account.7b3ffc45-ea76-4aee-b822-9d28bb5f572a.usage.pdf,pdf,90296,3035B7C09BF19324A290ED9A43F58AFE92313B862ECCE109F7A3710AC4A2AAD7,,,Account usage record,Excluded,no,,,,EXCLUDE - PERSONAL,Account usage PDF is personal/account data and not repository material.,
C:\Users\moop\Downloads\z.ai.account.synaptient.gmail.com.user.id.7b3ffc45-ea76-4aee-b822-9d28bb5f572a.pdf,C:\Users\moop\Downloads,Z.ai,z.ai.account.synaptient.gmail.com.user.id.7b3ffc45-ea76-4aee-b822-9d28bb5f572a.pdf,pdf,327704,156572490356EC2F6C9B785F700C33B144FE403C290A4A062B099213A805B0C8,,,Account identity record,Excluded,no,,,,EXCLUDE - PERSONAL,Account identity PDF is personal/account data and not repository material.,
C:\Users\moop\.openclaw-autoclaw\openclaw.runtime.json,C:\Users\moop\.openclaw-autoclaw,Z.ai,openclaw.runtime.json,json,5116,8325469C13F81E052388BB6DB3419F27B12684D690CC0F98DA9FBEE2B84006B0,,,Local OpenClaw runtime state,Excluded,no,,,,EXCLUDE - GENERATED CACHE,"Local runtime state file is generated machine state, not durable project evidence.",
C:\Users\moop\.openclaw-autoclaw\openclaw.json,C:\Users\moop\.openclaw-autoclaw,Z.ai,openclaw.json,json,5073,3911BB0A904318D946587DA3ADADF77A39BB014EF0685016F137FCAE608EE680,,,Local OpenClaw config,Excluded,no,,,,EXCLUDE - PERSONAL,Local config file may contain user-specific account/runtime details and is not needed for project transfer.,
C:\Users\moop\.kimi-webbridge\bin\kimi-webbridge.exe,C:\Users\moop\.kimi-webbridge\bin,Kimi,kimi-webbridge.exe,exe,10238904,8B4F8FB5C3109E7C6359F6E55AAB7EF6F1AD9674408A77269AF0BCA04BAF6CC9,,,Local tool installation,Excluded,no,,,,EXCLUDE - UNRELATED,"Installed bridge executable is tooling, not authored project work.",
C:\Users\moop\Documents\AIA,C:\Users\moop\Documents\AIA,unknown,AIA,directory/git repo,5040782509,,UNCOMMITTED,master,AIA Android device tranche,Separate Codex-era workspace,no,,conflicting,,CONFLICT - REVIEW REQUIRED,Project-relevant but outside the strictly attributable Grok/AutoClaw/Kimi tranche; contains device receipts and current Codex implementation work that should transfer under a separate reviewed tranche.,
C:\Users\moop\Documents\kimi\workspace,C:\Users\moop\Documents\kimi,Kimi,workspace,directory,0,,,,Kimi workspace,Workspace empty; evidence exists elsewhere,no,,conflicting,,SOURCE NOT FOUND,The inspected Kimi workspace directory is empty; selected Kimi artifacts were found in other project roots and are inventoried separately.,
